10th_pct,12th_pct,cgpa,aptitude_level,domain_skill_level,english_level,applied_work_count,internships_count,cluster,readiness_level
74.96714153011233,78.32112186573598,9.5,5.0,2.0,1.0,1,0,1,Almost Ready
68.61735698828815,62.323507989608885,7.328567956258648,5.0,1.0,2.0,0,0,1,Almost Ready
76.47688538100692,69.05732854635082,8.507149999541394,5.0,1.0,3.0,2,1,1,Almost Ready
85.23029856408026,62.91497182424453,8.822194554923591,5.0,4.0,2.0,3,0,0,Ready
67.65846625276664,63.22054149824453,6.39047940156066,3.0,1.0,1.0,0,0,2,Not Ready
67.6586304305082,64.59910664184497,6.36199625672362,4.0,1.0,1.0,2,0,2,Not Ready
85.79212815507391,70.44347148797084,9.5,5.0,3.0,3.0,2,1,1,Almost Ready
77.67434729152909,62.73376516170175,8.873556097219405,4.0,2.0,2.0,1,1,1,Almost Ready
65.30525614065049,81.81331738130874,9.229325664851897,5.0,3.0,2.0,2,2,1,Almost Ready
75.42560043585965,58.15931967558546,6.911561265653622,3.0,1.0,3.0,0,0,2,Not Ready
65.36582307187538,65.94441191422506,6.550629613457293,2.0,5.0,3.0,3,1,0,Ready
65.34270246429743,63.16295835898408,5.494253719143898,2.0,5.0,4.0,3,0,2,Not Ready
72.41962271566034,83.91675672789106,9.5,5.0,1.0,5.0,0,2,1,Almost Ready
50.86719755342202,70.16210254162732,5.115476415751,1.0,2.0,2.0,1,1,2,Not Ready
52.75082167486967,79.35028993415499,6.724926784558386,3.0,3.0,2.0,2,0,2,Not Ready
64.37712470759027,51.65883589659331,6.001947874549968,3.0,3.0,1.0,1,0,2,Not Ready
59.87168879665576,70.93755292456184,6.770762712365483,4.0,3.0,2.0,2,2,0,Ready
73.14247332595274,77.78593875185781,9.26336628662399,5.0,1.0,1.0,0,0,1,Almost Ready
60.91975924478789,68.90512388202967,6.260553670919863,2.0,1.0,3.0,1,0,2,Not Ready
55.87696298664709,79.72028412571886,7.913809921453271,5.0,4.0,3.0,3,1,0,Ready
84.65648768921554,62.309827048895905,9.1015824159856,5.0,4.0,1.0,2,0,0,Ready
67.74223699513465,83.50282184204139,8.967619836417722,5.0,4.0,2.0,3,1,0,Ready
70.67528204687923,93.28787935981175,9.5,5.0,2.0,2.0,1,0,1,Almost Ready
55.75251813786544,64.00877583516375,5.0,2.0,1.0,1.0,0,0,2,Not Ready
64.55617275474818,63.09947226459151,7.084995641009726,5.0,2.0,3.0,2,0,1,Almost Ready
71.10922589709867,83.98722924829471,9.5,5.0,2.0,3.0,1,1,1,Almost Ready
58.490064225776976,85.37529360303783,8.356142726492847,5.0,1.0,1.0,1,0,1,Almost Ready
73.75698018345672,62.24853970131405,8.041336163583171,5.0,1.0,1.0,0,0,1,Almost Ready
63.99361310081195,63.37794501194557,6.1396614721773295,4.0,3.0,4.0,3,1,0,Ready
67.08306250206724,64.90036930253441,7.223901608251358,5.0,1.0,2.0,0,1,1,Almost Ready
63.98293387770603,53.21104437862295,5.0,1.0,5.0,3.0,6,0,0,Ready
88.52278184508938,57.89482858867382,8.539463237569043,5.0,4.0,3.0,3,0,0,Ready
69.86502775262066,56.954451565727254,5.701146981593457,2.0,1.0,5.0,0,2,2,Not Ready
59.422890710440996,59.55422678385459,5.361548032934919,1.0,3.0,1.0,2,0,2,Not Ready
78.22544912103189,67.61846623874541,8.709199637913324,5.0,4.0,1.0,1,1,1,Almost Ready
57.791563500289776,70.57636205790173,6.053364602107728,3.0,5.0,3.0,3,1,0,Ready
72.08863595004756,85.05550542095484,9.5,5.0,2.0,5.0,2,3,1,Almost Ready
50.403298761202244,57.0181055518733,5.0,1.0,4.0,2.0,2,0,2,Not Ready
56.71813951101569,78.82754638324242,8.36311534376029,5.0,3.0,1.0,2,1,1,Almost Ready
71.96861235869123,65.6461227135194,7.108443803704459,4.0,4.0,1.0,2,0,0,Ready
77.3846657999541,67.45589919382324,8.738194477402981,5.0,1.0,3.0,0,1,1,Almost Ready
71.7136828118997,75.42301441383265,9.5,5.0,4.0,2.0,1,1,1,Almost Ready
68.8435171761176,55.65005776281471,5.634215545216989,2.0,1.0,1.0,0,2,2,Not Ready
66.98896304410711,72.20650720802456,8.105506435944617,4.0,3.0,2.0,2,0,0,Ready
55.214780096325725,69.83097429034362,5.2256663939269625,1.0,5.0,1.0,3,0,2,Not Ready
62.801557916052914,73.41696390408964,7.646931821625207,4.0,1.0,4.0,0,0,1,Almost Ready
65.39361229040213,71.180855082986,7.3925979735059455,3.0,1.0,4.0,0,2,1,Almost Ready
80.57122226218915,95.0,9.5,5.0,1.0,3.0,0,1,1,Almost Ready
73.43618289568461,60.984860173235525,7.756849486120395,5.0,2.0,3.0,0,1,1,Almost Ready
52.36959844637266,62.15903349498001,5.474076612212207,2.0,5.0,3.0,4,1,0,Ready
73.24083969394795,61.14545420932759,7.447760672098119,5.0,3.0,1.0,1,1,1,Almost Ready
66.14917719583684,61.8897516892372,6.3687374910521894,2.0,2.0,1.0,1,0,2,Not Ready
63.23077999694041,60.988741599628305,5.730120390273976,2.0,2.0,4.0,1,1,2,Not Ready
76.11676288840867,81.07918184218308,9.5,5.0,4.0,3.0,3,1,0,Ready
80.30999522495951,83.6255467278884,9.5,5.0,4.0,2.0,3,1,0,Ready
79.31280119116198,61.72179076875576,8.007488088918146,5.0,5.0,2.0,3,0,0,Ready
61.607824767773614,58.844088695853486,5.152017507678872,2.0,2.0,2.0,2,0,2,Not Ready
66.90787624148786,73.18557112025044,8.672815872064724,5.0,1.0,4.0,0,0,1,Almost Ready
73.31263431403563,61.925546512909314,6.782455841401921,3.0,5.0,2.0,5,0,0,Ready
79.75545127122359,74.96224999531061,9.5,5.0,3.0,1.0,1,0,1,Almost Ready
65.2082576215471,70.2321532293643,7.974619161306643,5.0,2.0,2.0,1,0,1,Almost Ready
68.14341023336183,51.32681473503045,5.0,1.0,3.0,2.0,1,0,2,Not Ready
58.93665025993972,85.02255721463068,7.532953671681262,5.0,2.0,4.0,0,1,1,Almost Ready
58.037933759193294,87.75465440405074,8.564977230939387,5.0,2.0,1.0,0,0,1,Almost Ready
78.12525822394198,61.25932440467175,8.556184667572614,5.0,1.0,3.0,0,1,1,Almost Ready
83.56240028570824,63.73528284070417,9.08321843781242,5.0,5.0,1.0,3,0,0,Ready
69.27989878419666,71.14451929797396,7.564011596178138,5.0,3.0,2.0,0,1,1,Almost Ready
80.03532897892023,71.67902468985727,9.5,5.0,1.0,3.0,0,0,1,Almost Ready
73.61636025047635,75.24398699940113,9.5,5.0,1.0,3.0,0,0,1,Almost Ready
63.54880245394876,90.11224992642985,9.5,5.0,1.0,2.0,2,1,1,Almost Ready
73.61395605508415,66.05358049756546,7.830664433312593,5.0,1.0,2.0,0,0,1,Almost Ready
85.38036566465969,59.21873031007701,8.506452190303161,5.0,1.0,1.0,1,0,1,Almost Ready
69.64173960890048,52.8274884918402,5.174505140589191,1.0,1.0,5.0,1,1,2,Not Ready
85.64643655814007,59.95976956063889,8.379725825567592,4.0,1.0,2.0,0,0,1,Almost Ready
45.0,67.63560329838823,5.0,1.0,2.0,3.0,1,2,2,Not Ready
78.21902504375224,87.74013649869566,9.5,5.0,3.0,5.0,2,2,1,Almost Ready
70.87047068238171,62.306275710602115,7.585091219360321,4.0,5.0,3.0,2,0,0,Ready
67.00992649534132,70.46166746802788,8.381397120466607,5.0,5.0,4.0,3,0,0,Ready
70.91760776535503,67.81934814319973,8.309698835357194,5.0,3.0,5.0,2,2,1,Almost Ready
50.124310853991076,81.07232600792892,6.463685372928976,2.0,4.0,4.0,2,1,2,Not Ready
67.80328112162488,95.0,9.5,5.0,3.0,1.0,1,0,1,Almost Ready
73.57112571511746,62.16044349787647,7.347637578753631,5.0,3.0,3.0,1,1,1,Almost Ready
84.77894044741517,62.616166132299554,8.657415056592145,5.0,2.0,3.0,1,1,1,Almost Ready
64.81729781726352,79.4857696477598,8.807639760614299,5.0,4.0,2.0,2,1,0,Ready
61.91506397106812,75.50080638588942,7.022860657963731,4.0,4.0,3.0,2,0,0,Ready
64.98242956415463,88.31378058309637,9.5,5.0,2.0,3.0,1,1,1,Almost Ready
79.15402117702074,74.42321003858561,9.5,5.0,3.0,3.0,2,0,1,Almost Ready
73.28751109659684,64.04778700134234,7.7008745426272975,5.0,3.0,2.0,1,0,1,Almost Ready
64.70239796232961,74.4972031376154,8.021584100764823,5.0,1.0,2.0,0,1,1,Almost Ready
75.13267433113356,80.19573938641199,9.5,5.0,5.0,1.0,5,0,0,Ready
70.9707754934804,77.02530399317101,9.492758823735349,5.0,2.0,1.0,2,0,1,Almost Ready
79.68644990532889,73.58001434218028,9.5,5.0,1.0,1.0,0,0,1,Almost Ready
62.979469061226474,79.7334215854807,8.842582245734699,5.0,5.0,3.0,3,1,0,Ready
66.72337853402232,80.8622514949024,8.464854664215332,5.0,4.0,1.0,3,0,0,Ready
66.07891846867842,83.2037489014128,9.45558989528689,5.0,1.0,3.0,0,0,1,Almost Ready
55.364850518678814,75.13580876348607,7.544563391853874,5.0,3.0,1.0,2,0,0,Ready
72.96120277064576,66.1617011165146,7.368269920771266,4.0,2.0,3.0,1,1,1,Almost Ready
72.6105527217989,69.61385055076656,7.994788005622391,5.0,1.0,3.0,1,1,1,Almost Ready
70.05113456642461,81.27159863159193,9.5,5.0,3.0,4.0,2,0,1,Almost Ready
67.65412866624852,59.013707619140405,6.089966333778139,2.0,3.0,2.0,2,1,2,Not Ready
55.84629257949586,72.05540639760191,6.360569896201445,3.0,3.0,5.0,1,2,2,Not Ready
65.79354677234642,63.673273064399034,6.664616540585649,4.0,3.0,1.0,1,0,2,Not Ready
66.57285483473231,68.316193052283,7.5507179173331815,3.0,2.0,1.0,1,1,2,Not Ready
61.97722730778381,82.06297048868029,9.160879590447728,5.0,3.0,2.0,3,0,0,Ready
68.3871428833399,70.10208974821893,7.978294223198081,5.0,3.0,5.0,1,0,1,Almost Ready
74.04050856814538,68.51080202971764,8.262067762370181,4.0,2.0,3.0,1,0,1,Almost Ready
88.8618590121053,53.04158244922089,8.621803069800293,5.0,4.0,3.0,3,1,0,Ready
71.74577812831839,76.20878922629943,9.5,5.0,5.0,3.0,5,0,0,Ready
72.57550390722764,75.10032599255183,9.085057611775634,5.0,2.0,2.0,0,1,1,Almost Ready
69.25554084233833,91.79580195636007,9.5,5.0,5.0,2.0,3,0,0,Ready
50.812287847009586,64.614439415517,5.0,1.0,1.0,3.0,0,1,2,Not Ready
69.73486124550783,70.41065360430333,7.961636645494877,4.0,5.0,5.0,5,2,0,Ready
70.60230209941027,70.74322052081831,7.1154936200272685,5.0,4.0,2.0,3,0,0,Ready
94.63242112485287,85.35198607739822,9.5,5.0,4.0,1.0,2,0,0,Ready
68.07639035218878,66.95174914374353,6.9865568314128845,3.0,4.0,1.0,1,0,2,Not Ready
73.01547342333612,71.06923678347373,8.567439889869396,5.0,5.0,4.0,1,2,0,Ready
69.65288230294756,74.68686160688193,8.81695175175893,5.0,4.0,4.0,2,2,0,Ready
58.31321962380468,70.05270035471995,6.350137836668226,2.0,1.0,1.0,0,0,2,Not Ready
81.4282281451502,63.089230239944186,9.032344666333678,5.0,1.0,2.0,0,0,1,Almost Ready
77.51933032686775,70.13498992188138,8.930404852027447,5.0,5.0,2.0,3,0,0,Ready
77.91031947043047,79.80994924845749,9.5,5.0,4.0,4.0,2,1,0,Ready
60.906125452052606,56.70833170647833,5.0,1.0,4.0,4.0,2,1,2,Not Ready
84.02794310936099,69.46266641561563,9.5,5.0,2.0,2.0,1,0,1,Almost Ready
55.98148937207719,60.298671035669095,5.0,2.0,1.0,1.0,0,0,2,Not Ready
75.8685709380027,81.14551291817327,9.5,5.0,4.0,2.0,1,1,1,Almost Ready
91.90455625809979,51.24494404737848,9.015416103909256,5.0,1.0,5.0,1,1,1,Almost Ready
60.09463674869312,61.85185968001253,5.023992741748824,2.0,5.0,2.0,4,0,0,Ready
64.33702270397228,72.14933062570972,7.876981898592873,5.0,1.0,4.0,0,0,1,Almost Ready
70.99651365087641,85.22076432157775,9.5,5.0,3.0,2.0,2,0,1,Almost Ready
64.965243458838,67.27674712819713,7.755390426452831,3.0,2.0,3.0,0,0,1,Almost Ready
54.493365689338674,61.89280520637482,5.0,2.0,2.0,3.0,1,0,2,Not Ready
70.68562974806028,88.69272776384649,9.5,5.0,3.0,1.0,2,0,1,Almost Ready
59.37696286273895,52.07184709542132,5.0,2.0,1.0,2.0,0,0,2,Not Ready
74.73592430635182,45.0,5.0,1.0,2.0,3.0,2,2,2,Not Ready
60.80575765766197,72.84015895058666,7.4468584422083195,4.0,5.0,3.0,5,1,0,Ready
85.4993440501754,62.47740353212128,8.388356833126206,3.0,3.0,2.0,1,0,1,Almost Ready
62.16746707663763,56.766439011562156,5.0,1.0,1.0,3.0,0,2,2,Not Ready
66.77938483794324,75.79192092029288,7.851794402945821,5.0,2.0,2.0,0,0,1,Almost Ready
78.1351721736967,70.68180785148319,9.5,5.0,5.0,1.0,3,1,0,Ready
57.69135683566045,61.79513506189599,5.778280470924429,1.0,5.0,3.0,3,0,2,Not Ready
72.2745993460413,53.916651614620164,5.876463034830484,3.0,1.0,1.0,1,0,2,Not Ready
83.07142754282428,77.59703061108159,9.5,5.0,1.0,1.0,0,0,1,Almost Ready
53.92516765438772,75.15221295754527,6.39663317334654,3.0,4.0,1.0,2,1,2,Not Ready
71.84633858532304,66.90906549842678,8.394249763866569,5.0,4.0,2.0,2,1,0,Ready
72.59882794248423,88.31300695652433,9.5,5.0,4.0,1.0,0,0,1,Almost Ready
77.81822871777311,56.229067570412326,7.226278934595208,4.0,3.0,1.0,3,0,0,Ready
57.63049289121918,51.21922311982787,5.0,2.0,5.0,3.0,3,0,2,Not Ready
56.795433869157236,60.38901123130631,5.0,3.0,5.0,2.0,5,0,0,Ready
75.21941565616898,67.49855382008953,8.502486229738148,4.0,1.0,3.0,2,2,1,Almost Ready
72.96984673233186,70.6767339425496,9.047510147515789,5.0,4.0,3.0,3,1,0,Ready
72.50492850345877,65.34640336358038,6.326083633556254,3.0,2.0,2.0,1,0,2,Not Ready
73.46448209496975,71.87260936165727,9.139501378259508,5.0,5.0,5.0,6,1,0,Ready
63.19975278421509,54.233066333905114,5.0,2.0,2.0,5.0,3,2,2,Not Ready
72.32253697161003,83.88141064480585,9.5,5.0,1.0,3.0,1,1,1,Almost Ready
72.93072473298682,67.09633703768175,8.259660565362775,5.0,4.0,3.0,3,0,0,Ready
62.85648581973632,80.2902541474694,9.158840267662336,5.0,2.0,2.0,1,0,1,Almost Ready
88.65774511144757,71.76997881015474,9.5,5.0,3.0,2.0,2,0,1,Almost Ready
74.73832920911788,73.02428541069162,9.5,5.0,4.0,4.0,3,1,0,Ready
58.08696502797351,74.26744008255424,7.659299895573486,4.0,1.0,1.0,0,1,1,Almost Ready
76.5655360863383,72.92479416019046,9.5,5.0,1.0,3.0,0,0,1,Almost Ready
60.253183297726785,75.06995035854298,8.118452313126161,5.0,5.0,3.0,6,1,0,Ready
77.87084603742451,82.62067783145675,9.5,5.0,4.0,2.0,1,0,1,Almost Ready
81.58595579007404,70.16173286671616,9.5,5.0,3.0,1.0,0,0,1,Almost Ready
61.7931768164829,75.79904133347364,6.837849816544896,4.0,1.0,2.0,1,0,1,Almost Ready
79.63376129244321,67.01290736284051,8.873969054227585,5.0,4.0,2.0,3,0,0,Ready
74.12780926936499,83.8412893699442,9.5,5.0,1.0,2.0,0,1,1,Almost Ready
78.2206015999449,60.55968467734803,8.902514300342846,5.0,1.0,1.0,0,0,1,Almost Ready
88.96792982653947,87.81034476201897,9.5,5.0,3.0,2.0,1,2,1,Almost Ready
67.5461188399713,67.55826254291222,7.32725961082477,4.0,5.0,1.0,4,0,0,Ready
62.4626383564251,52.26147387670147,5.0,1.0,3.0,2.0,2,1,2,Not Ready
61.10485570374477,69.40914856401868,6.5989018633507435,4.0,5.0,3.0,2,1,0,Ready
61.841897150345616,60.50843176777631,6.200074857933665,4.0,2.0,4.0,1,0,2,Not Ready
69.22898290585896,77.24707903887597,8.660084610843013,5.0,5.0,1.0,5,0,0,Ready
73.41151974816644,60.8211362276737,7.232202123994642,5.0,3.0,1.0,1,0,1,Almost Ready
72.7669079933002,63.09198223463742,7.0075982413416185,4.0,5.0,1.0,4,0,0,Ready
78.27183249036024,47.21505195959916,5.163021411883556,1.0,1.0,3.0,1,1,2,Not Ready
70.13001891877907,63.02463048826016,6.667312865603241,5.0,2.0,4.0,1,2,1,Almost Ready
84.53534077157317,45.0,6.41178271721177,3.0,1.0,3.0,1,0,2,Not Ready
67.35343166762044,50.577068941657046,5.0,2.0,1.0,5.0,0,2,2,Not Ready
95.0,76.36456121758727,9.5,5.0,1.0,3.0,0,0,1,Almost Ready
76.25667347765007,76.64380174515915,9.231912551585467,5.0,2.0,2.0,0,0,1,Almost Ready
61.42842443583717,72.6800331796346,7.07471585600642,4.0,5.0,5.0,4,1,0,Ready
59.29107501938888,57.363262425578654,5.0,3.0,3.0,2.0,2,1,2,Not Ready
74.82472415243186,67.47517508243823,8.725012867075314,5.0,3.0,2.0,1,0,1,Almost Ready
67.7653721467415,67.96037207000374,7.400081508979038,4.0,1.0,3.0,1,0,1,Almost Ready
77.14000494092092,55.25798841888203,6.130923254237977,4.0,3.0,2.0,1,0,2,Not Ready
74.73237624573545,84.53738131943865,9.5,5.0,1.0,1.0,1,0,1,Almost Ready
69.27171087343127,77.65098519633239,8.662326207669258,5.0,2.0,2.0,0,0,1,Almost Ready
61.532062819315954,65.56939408787369,6.224805791288037,3.0,3.0,3.0,2,0,2,Not Ready
54.851527753141355,68.29574422893984,6.142316020323751,3.0,1.0,1.0,0,0,2,Not Ready
65.53485047932979,70.29221088742308,6.436472970190058,3.0,2.0,3.0,1,0,2,Not Ready
78.56398794323472,45.540916447332805,5.6732486981588375,3.0,2.0,3.0,2,1,2,Not Ready
72.14093744130204,65.28104879227344,7.533231537253001,4.0,2.0,3.0,2,0,1,Almost Ready
57.542612212880115,60.49817327202422,5.041787860960883,2.0,3.0,3.0,1,2,2,Not Ready
71.73180925851182,56.98217989115593,6.413696686569007,3.0,2.0,4.0,1,1,2,Not Ready
73.85317379728836,64.9078967782545,7.43817592046202,4.0,2.0,3.0,1,1,1,Almost Ready
61.16142563798867,87.77455179534475,9.180869647166706,5.0,3.0,5.0,1,1,1,Almost Ready
71.53725105945527,75.04927147393711,8.589965451607112,5.0,2.0,5.0,1,1,1,Almost Ready
70.58208718446,61.717031112389236,7.3828713138266835,4.0,4.0,3.0,4,0,0,Ready
58.57029702169377,74.29841059491774,6.940961966827698,3.0,5.0,3.0,1,1,0,Ready
73.57787360348283,83.39290980244603,9.5,5.0,5.0,5.0,4,1,0,Ready
75.60784526368235,78.17097051204045,9.5,5.0,3.0,2.0,2,0,1,Almost Ready
80.83051243175277,68.65593406912191,9.06876359167597,5.0,3.0,1.0,2,0,1,Almost Ready
80.53802052034902,60.883695445238686,7.456400198531742,4.0,4.0,3.0,2,1,0,Ready
56.22330632042909,75.68045644974949,5.8839945773988145,3.0,2.0,3.0,2,0,2,Not Ready
60.62174960084877,72.32833923963925,6.150445354570458,3.0,1.0,3.0,0,0,2,Not Ready
75.1503526720866,77.84712542030505,9.5,5.0,4.0,2.0,1,1,1,Almost Ready
75.1378595091221,74.98688981850167,9.5,5.0,3.0,1.0,2,0,1,Almost Ready
75.15047686306048,79.54507986851269,9.413738158719907,5.0,1.0,1.0,1,0,1,Almost Ready
95.0,62.112412672833756,9.5,5.0,3.0,2.0,2,0,1,Almost Ready
75.70890510693167,82.49133472197758,9.5,5.0,2.0,2.0,0,0,1,Almost Ready
81.35565640180599,70.1735956516164,9.5,5.0,3.0,2.0,1,0,1,Almost Ready
79.54001763493203,90.82786959887792,9.5,5.0,3.0,2.0,1,1,1,Almost Ready
76.51391251305797,60.418934001014755,7.9883466350436745,5.0,1.0,4.0,0,0,1,Almost Ready
66.84730755359655,87.09560183481774,9.5,5.0,5.0,1.0,4,0,0,Ready
77.58969220493267,70.17701861808912,8.719410510745625,5.0,1.0,5.0,0,3,1,Almost Ready
62.27174785462428,60.83440196024107,5.0,2.0,3.0,3.0,2,0,2,Not Ready
67.63181393259991,62.67725582540246,6.1867838040791465,1.0,3.0,3.0,0,0,2,Not Ready
65.14636452170896,64.47617960986248,6.33781650032187,5.0,5.0,1.0,3,0,0,Ready
70.81874139386322,72.66582541042108,8.029095257067052,5.0,3.0,2.0,1,0,1,Almost Ready
93.14658566673509,73.7511903683905,9.5,5.0,1.0,5.0,1,3,1,Almost Ready
51.32734807408252,61.68929995667563,5.0,1.0,2.0,2.0,1,1,2,Not Ready
76.86260190374513,67.73209948512918,8.576777217427107,5.0,1.0,2.0,0,0,1,Almost Ready
53.87284128810349,91.5649739447305,8.490670994513367,5.0,5.0,4.0,4,1,0,Ready
65.28068134210567,87.00297487110782,9.5,5.0,3.0,1.0,1,0,1,Almost Ready
80.88950596967366,72.79956036641435,9.5,5.0,1.0,1.0,0,0,1,Almost Ready
70.64280019095463,68.4180382598502,7.3139262288993026,5.0,2.0,2.0,2,1,1,Almost Ready
59.22255222070694,69.32034459390087,6.9869007120643065,3.0,4.0,2.0,1,0,2,Not Ready
62.84696290740032,74.74869770003458,7.590055024973105,5.0,3.0,3.0,2,1,1,Almost Ready
76.79597748934675,56.74928178281754,7.041213702297068,5.0,2.0,3.0,2,0,1,Almost Ready
62.69633368282864,65.1688580883432,6.533885977304054,4.0,2.0,3.0,2,1,2,Not Ready
72.16458589581976,49.645575187346516,5.388132228106692,3.0,5.0,3.0,4,1,0,Ready
70.45571839903813,72.39145434865807,8.903644229111054,5.0,1.0,3.0,0,1,1,Almost Ready
63.483996523941826,75.11915533673015,7.934034861701707,4.0,3.0,3.0,1,1,1,Almost Ready
91.43944089325325,62.68494891470689,9.5,5.0,2.0,4.0,3,1,1,Almost Ready
76.33919022318011,85.31385439619037,9.5,5.0,1.0,2.0,1,0,1,Almost Ready
49.74857413342393,54.516577706974246,5.0,1.0,1.0,3.0,0,0,2,Not Ready
71.86454314769428,51.89187631769198,5.6177427726962,3.0,4.0,4.0,3,0,2,Not Ready
63.38213535231612,70.46897000415969,7.06105080814914,3.0,3.0,4.0,0,1,2,Not Ready
78.52433334796224,79.5180813287337,9.5,5.0,4.0,3.0,1,1,1,Almost Ready
62.07479261567299,86.52320460603656,9.225430827536966,5.0,1.0,2.0,0,0,1,Almost Ready
68.85263558533102,62.95227310844166,5.8298117813170816,3.0,1.0,1.0,1,0,2,Not Ready
75.04987278980457,79.86548916774426,9.5,5.0,2.0,2.0,1,0,1,Almost Ready
78.65755194170121,67.57640683549222,8.981516267149573,5.0,1.0,1.0,0,0,1,Almost Ready
57.997035929442234,66.10109970065099,5.694648540512684,2.0,2.0,2.0,2,0,2,Not Ready
66.65498764159051,77.72025931235339,8.142449472628607,5.0,2.0,1.0,1,0,1,Almost Ready
65.25054688839043,75.17555166254762,8.696768703073056,5.0,2.0,1.0,1,0,1,Almost Ready
63.46670767426288,50.65968627317326,5.0,1.0,3.0,1.0,3,0,2,Not Ready
87.65454240281096,84.24194384698485,9.5,5.0,1.0,1.0,0,0,1,Almost Ready
74.04981710960955,83.18100489562197,9.5,5.0,1.0,2.0,0,0,1,Almost Ready
57.391160456649544,61.11881028339518,5.0,2.0,4.0,1.0,3,0,2,Not Ready
79.17861947054776,72.3538388678115,9.5,5.0,3.0,5.0,1,3,1,Almost Ready
91.22156197012633,73.43433204911013,9.5,5.0,3.0,3.0,3,2,0,Ready
80.32465260551147,70.86741142406298,9.5,5.0,2.0,2.0,2,0,1,Almost Ready
54.80630034045987,61.94664330770038,5.013232706245526,1.0,5.0,2.0,4,1,2,Not Ready
65.15765927133748,60.61214295268143,5.530160229064514,1.0,3.0,3.0,2,1,2,Not Ready
82.66911149186623,67.7189052190941,9.5,5.0,5.0,1.0,4,0,0,Ready
62.92330534381219,80.900019211853,8.448475426050303,5.0,4.0,1.0,1,0,1,Almost Ready
74.43819428146229,73.97960170053875,9.407016211940086,5.0,3.0,1.0,1,0,1,Almost Ready
77.74634053429337,63.923242347052835,8.38059835158754,5.0,5.0,4.0,3,1,0,Ready
60.730695284219166,76.4886858171318,7.515752794467371,5.0,3.0,2.0,2,0,1,Almost Ready
69.404746439382,45.0,5.0,1.0,1.0,1.0,0,0,2,Not Ready
45.0,80.63642270409314,6.242207765890076,3.0,1.0,2.0,0,0,2,Not Ready
59.756123586657104,48.863148433440905,5.0,1.0,1.0,1.0,1,0,2,Not Ready
67.4743184860684,64.01314964456554,7.375290341034168,4.0,5.0,5.0,3,2,0,Ready
57.52216818035151,55.683631159112416,5.0,2.0,2.0,3.0,3,0,2,Not Ready
86.32411303931636,53.75850376707004,8.528665623128788,4.0,5.0,1.0,4,0,0,Ready
55.69858622039367,80.7690946611637,8.033504700647399,4.0,1.0,4.0,0,1,1,Almost Ready
65.59955513303017,62.85528678556919,5.722743072682304,1.0,3.0,1.0,1,0,2,Not Ready
71.30740577286092,71.81154269903787,8.262435126807526,5.0,1.0,2.0,1,0,1,Almost Ready
84.41273289066116,67.48387363232898,9.231638644205553,5.0,4.0,4.0,4,2,0,Ready
55.6413784882056,73.24744909945434,6.225863623004624,3.0,2.0,5.0,1,1,2,Not Ready
81.63163752154959,68.8450408016628,9.417484606388989,5.0,1.0,1.0,0,0,1,Almost Ready
70.10233061019586,53.887085533925735,5.988242687752909,2.0,3.0,3.0,1,0,2,Not Ready
60.18491348952049,78.95893501391853,8.526731648575659,5.0,3.0,1.0,1,0,1,Almost Ready
74.6210347426327,62.568677585225565,8.276298754573718,5.0,5.0,1.0,2,0,0,Ready
71.9905969557347,50.877599114742736,5.149145397282465,2.0,2.0,2.0,1,0,2,Not Ready
63.99783122841205,63.290733229374965,5.988673731795789,2.0,1.0,2.0,2,0,2,Not Ready
70.69802084990019,84.50835769697741,9.439237685921164,5.0,1.0,1.0,0,2,1,Almost Ready
66.14686403138239,77.35243916324842,8.121960445946526,5.0,3.0,4.0,2,1,1,Almost Ready
71.13517345251248,64.16482652151355,7.777425812652632,4.0,5.0,1.0,5,1,0,Ready
76.62130674521046,64.15816525249728,8.924712211430277,5.0,4.0,3.0,2,1,0,Ready
85.86016816145352,64.4620144366088,8.931152953769384,5.0,1.0,4.0,0,1,1,Almost Ready
57.62184501173151,90.84422781916925,8.973678795058667,5.0,5.0,4.0,2,0,0,Ready
91.33033374656267,72.20128997454708,9.5,5.0,2.0,2.0,2,1,1,Almost Ready
50.47912200477498,72.73045811910177,5.621517597991315,1.0,3.0,1.0,2,1,2,Not Ready
68.48214904964416,79.33311799435026,8.76748829663834,5.0,2.0,5.0,2,3,1,Almost Ready
75.88317206484577,70.62668074929165,9.188508444352657,5.0,3.0,4.0,2,1,1,Almost Ready
72.80991867735032,65.15053639597227,7.457148587462931,4.0,3.0,2.0,0,1,1,Almost Ready
63.77300480179406,65.84015166006525,6.4347473338397565,3.0,2.0,4.0,1,3,2,Not Ready
67.91877749642725,67.2123861464453,7.542816670432733,4.0,4.0,1.0,3,0,0,Ready
65.06999065341168,67.59055539839174,6.902293042675983,3.0,1.0,1.0,2,0,2,Not Ready
64.10635243055789,76.00392498000677,7.798348666321415,5.0,1.0,4.0,0,2,1,Almost Ready
78.49602097021025,68.5714047438803,9.005308955150666,3.0,2.0,1.0,0,0,1,Almost Ready
73.57015485965047,76.05904084937137,9.40019787675061,5.0,3.0,1.0,2,0,1,Almost Ready
63.070904047393455,67.1121176188056,6.342447734988794,2.0,2.0,2.0,1,0,2,Not Ready
78.9959987543325,68.864987093477,9.049749845837873,5.0,4.0,2.0,2,2,0,Ready
73.07299520876609,46.01979247014681,5.663241737089294,2.0,3.0,1.0,2,0,2,Not Ready
78.1286211883896,78.0796044217273,9.5,5.0,5.0,1.0,2,0,0,Ready
76.29628841923612,71.81137323487792,9.068409089102525,5.0,1.0,3.0,1,1,1,Almost Ready
61.710049890779274,78.97811120845617,8.451701367140684,5.0,4.0,1.0,2,0,0,Ready
64.3981895980303,45.0,5.0,1.0,4.0,3.0,1,0,2,Not Ready
77.47293605123262,90.97212175258801,9.5,5.0,5.0,1.0,3,1,0,Ready
76.10370265433465,66.4645140902931,8.57005360779321,4.0,1.0,1.0,2,1,1,Almost Ready
69.79098406035853,80.19001098411269,9.443498184668567,5.0,3.0,1.0,3,0,0,Ready
71.17327383308782,56.56103480161916,6.384004758111186,3.0,2.0,4.0,1,0,2,Not Ready
82.77664895788425,74.74051295568826,9.5,5.0,2.0,4.0,0,1,1,Almost Ready
64.0842861116417,56.41242880508978,5.0,1.0,4.0,1.0,4,1,2,Not Ready
75.47097381170038,61.138541432346145,6.89446478340745,3.0,1.0,1.0,1,1,2,Not Ready
67.97807347566106,89.05434489253464,9.5,5.0,2.0,1.0,3,0,1,Almost Ready
67.82318796772779,65.90249359160319,7.925109733642192,3.0,1.0,4.0,1,0,1,Almost Ready
80.9877685198719,70.39176160497695,9.5,5.0,3.0,3.0,3,2,0,Ready
78.2541634898803,77.5707450375763,9.5,5.0,4.0,1.0,1,0,1,Almost Ready
78.13509636000639,73.45250076769865,9.5,5.0,1.0,5.0,0,2,1,Almost Ready
83.05478807154329,69.65460795657934,9.005880537142025,5.0,3.0,3.0,1,1,1,Almost Ready
70.21003841632759,72.01457102712848,8.0623545166514,4.0,3.0,3.0,2,0,1,Almost Ready
76.81952971294965,94.43757143762102,9.5,5.0,2.0,4.0,1,3,1,Almost Ready
66.89733243406543,67.36619323263056,6.829105050878842,3.0,1.0,3.0,0,1,2,Not Ready
73.24166352488442,70.21208951386464,8.433991046519964,5.0,3.0,3.0,1,0,1,Almost Ready
68.69856945632316,79.55719835608373,9.002319883012468,5.0,2.0,2.0,1,0,1,Almost Ready
70.96995964992718,80.16078526253781,8.679961831681853,5.0,3.0,3.0,2,0,1,Almost Ready
75.95157025436913,81.05733336116418,9.5,5.0,4.0,3.0,3,1,0,Ready
61.81779316766527,75.02603244232102,6.990202328628042,4.0,5.0,1.0,5,0,0,Ready
90.9238727568546,55.426945959964684,9.072246239578467,5.0,5.0,2.0,3,0,0,Ready
59.93982618500298,85.96774685531206,9.5,5.0,3.0,3.0,2,0,1,Almost Ready
57.85811387212268,55.390200676794436,5.0,1.0,4.0,2.0,3,0,2,Not Ready
81.58110873500068,71.32899011762936,8.67137106652134,5.0,2.0,3.0,2,1,1,Almost Ready
77.91662693962935,59.70296564978706,7.499936777472406,5.0,5.0,1.0,3,0,0,Ready
76.24119817052156,67.29447818747708,9.08083127119908,5.0,2.0,1.0,1,0,1,Almost Ready
76.2834550926428,71.61638651333828,9.5,5.0,1.0,1.0,0,1,1,Almost Ready
69.87753227153085,71.534929369953,7.59709444899637,5.0,2.0,1.0,1,0,1,Almost Ready
61.02745628514168,72.64112829658814,7.2986372988777335,4.0,5.0,1.0,4,0,0,Ready
70.75804558193727,85.75082395964512,9.5,5.0,5.0,1.0,4,1,0,Ready
63.22838288487888,72.98887731665378,7.379614853077832,3.0,3.0,3.0,2,0,2,Not Ready
79.7511973341775,65.31427701180286,9.5,5.0,4.0,2.0,3,1,0,Ready
68.52942618497862,78.60495885117193,8.318672591225006,4.0,1.0,1.0,1,1,1,Almost Ready
61.745028032074885,81.08417537817104,8.551250342284176,5.0,2.0,3.0,1,1,1,Almost Ready
66.78614158347007,54.49631403349308,5.426214928427188,2.0,5.0,3.0,1,0,2,Not Ready
74.12931454275625,74.57140076834844,9.5,5.0,3.0,4.0,1,0,1,Almost Ready
64.36275447196026,75.71290016541988,8.060339772342468,4.0,1.0,2.0,0,0,1,Almost Ready
61.77779604433569,64.72680146304009,6.129714895858417,4.0,3.0,5.0,3,3,0,Ready
72.43687211491913,83.13277494642782,9.5,5.0,4.0,1.0,1,0,1,Almost Ready
72.44966571108722,66.3493885426422,7.954421608681967,5.0,3.0,4.0,0,0,1,Almost Ready
64.9305682462887,69.38134098818696,6.975190247422645,2.0,4.0,1.0,2,1,2,Not Ready
65.28961694381677,66.09620993287743,7.018659976432155,4.0,3.0,2.0,1,1,1,Almost Ready
72.32049937357637,68.17136952339614,7.88897516652406,5.0,3.0,4.0,2,2,1,Almost Ready
55.51915658502676,55.94097404415278,5.0,1.0,3.0,2.0,1,2,2,Not Ready
55.92536225623445,52.15944029146276,5.0,1.0,2.0,2.0,2,1,2,Not Ready
62.81555778747564,85.53955569547469,9.5,5.0,1.0,2.0,0,1,1,Almost Ready
67.86552848288153,58.683425168498395,5.956646185912746,2.0,2.0,2.0,2,1,2,Not Ready
73.10907565598005,57.09468415598062,5.64404773769066,1.0,3.0,4.0,1,1,2,Not Ready
84.75356216949552,45.0,7.093995075781324,3.0,2.0,2.0,2,0,2,Not Ready
78.5765962320202,60.971420775415474,7.4793364006840415,5.0,4.0,1.0,3,0,0,Ready
68.40061470036574,53.44601227251752,5.0,1.0,2.0,1.0,1,1,2,Not Ready
69.80983792097311,86.06216676150007,9.5,5.0,4.0,2.0,2,0,0,Ready
59.97470635362191,79.10798798276898,8.549623197044042,5.0,2.0,4.0,1,1,1,Almost Ready
69.8148686400761,60.43034620304504,5.468945119478823,2.0,5.0,1.0,3,1,2,Not Ready
67.11341361079862,92.7767938587874,9.5,5.0,3.0,3.0,1,1,1,Almost Ready
73.22718560338089,78.79942035690753,9.5,5.0,1.0,2.0,1,0,1,Almost Ready
61.727690564476774,64.42685478140515,6.034801258946869,2.0,3.0,4.0,1,1,2,Not Ready
75.19346514241172,45.0,5.001572771053615,1.0,2.0,2.0,1,1,2,Not Ready
85.32738913002578,93.20036829849816,9.5,5.0,2.0,1.0,1,0,1,Almost Ready
68.91239851543142,52.714702865600444,5.504626421344449,2.0,1.0,1.0,0,0,2,Not Ready
74.01711722098942,49.900613783474185,5.910267443644569,2.0,3.0,4.0,2,1,2,Not Ready
76.90143991711112,79.24827475210604,9.5,5.0,3.0,3.0,2,0,1,Almost Ready
65.98779528114164,94.837276469732,9.5,5.0,3.0,2.0,3,0,0,Ready
72.24092481810416,83.2270010036157,9.5,5.0,1.0,4.0,0,1,1,Almost Ready
70.12592400781794,74.20300032057595,8.573702007432328,5.0,2.0,1.0,1,1,1,Almost Ready
70.97676098548831,74.54229775831814,8.730404671394627,5.0,3.0,4.0,2,1,1,Almost Ready
62.26990216144534,77.38757114658338,8.51550604463784,5.0,2.0,3.0,0,2,1,Almost Ready
70.24510174258943,76.34821448765442,9.285775795677008,5.0,3.0,5.0,2,1,1,Almost Ready
74.9799829124545,71.09310566366314,7.4407689690855054,4.0,2.0,3.0,1,2,1,Almost Ready
84.51143607795042,69.14621214347063,9.5,4.0,5.0,1.0,3,0,0,Ready
79.59270826085206,67.31147559310526,9.132995675452985,5.0,4.0,2.0,1,0,1,Almost Ready
91.53182457511556,59.70638952246656,9.5,5.0,5.0,2.0,4,0,0,Ready
62.326524371119504,64.91257415446549,5.891605552293306,1.0,3.0,1.0,0,0,2,Not Ready
78.72320636720679,49.37747504385076,6.777158571651639,2.0,4.0,2.0,2,0,2,Not Ready
71.83342005738352,66.91826410525775,8.286515855457619,5.0,4.0,2.0,1,0,1,Almost Ready
91.89802933217672,57.125497821339906,8.967090239115688,5.0,3.0,3.0,1,1,1,Almost Ready
61.91701714644849,55.86051751062652,5.0,2.0,5.0,1.0,6,0,0,Ready
61.602781578192236,69.97883566268827,6.251414218861433,3.0,5.0,3.0,2,1,0,Ready
64.00607354555977,83.3120251497906,8.407905721908092,5.0,1.0,3.0,1,0,1,Almost Ready
48.76104275690193,78.10148266602545,5.716020201144125,1.0,3.0,1.0,2,0,2,Not Ready
64.74244978319238,50.724493360145054,5.0,1.0,5.0,3.0,5,2,0,Ready
62.40867338446302,57.11409049772629,5.404977105016441,1.0,3.0,3.0,1,1,2,Not Ready
71.50393786476208,78.34848306787038,9.5,5.0,5.0,2.0,3,1,0,Ready
73.4175597577716,57.1926386710786,6.954077657751528,3.0,2.0,1.0,1,1,2,Not Ready
88.76170839215887,65.52903535003273,9.5,5.0,2.0,3.0,1,0,1,Almost Ready
79.5042383818605,74.05057308927007,9.5,5.0,1.0,1.0,0,0,1,Almost Ready
64.23096344337597,57.348210996500015,5.452837438318368,2.0,5.0,2.0,3,1,2,Not Ready
61.01585328651642,69.15913056760556,6.926452340732137,4.0,5.0,5.0,3,2,0,Ready
74.91919171506505,53.32571955589975,6.6138823555515085,3.0,5.0,3.0,2,1,0,Ready
56.797667929793576,61.38495591653665,5.321850262686855,3.0,2.0,4.0,1,3,2,Not Ready
88.31458765854353,71.51760127556791,9.5,5.0,2.0,2.0,1,1,1,Almost Ready
81.79440120721287,50.477068931151635,7.016444624525468,4.0,3.0,4.0,2,2,0,Ready
65.30824347895295,72.84522211756439,8.258094958635814,5.0,1.0,2.0,0,1,1,Almost Ready
52.868654709091224,67.78398421180651,5.0846352085101305,2.0,2.0,2.0,0,0,2,Not Ready
83.53872374165412,74.07738949858863,9.5,5.0,5.0,2.0,2,0,0,Ready
68.85460154747382,70.46305547471128,7.816115071355883,4.0,2.0,5.0,2,3,1,Almost Ready
82.37816311973462,83.00554472971228,9.5,5.0,3.0,3.0,2,2,1,Almost Ready
54.05572341205633,69.37746952912698,5.177389803690306,1.0,1.0,4.0,0,0,2,Not Ready
64.00624977046228,63.276539047622215,6.020158987354915,2.0,2.0,2.0,0,0,2,Not Ready
70.05243699718183,69.34527253335511,7.51344646908056,3.0,2.0,4.0,1,2,1,Almost Ready
70.46980593764742,73.97627831940027,8.512931873737633,5.0,1.0,2.0,2,0,1,Almost Ready
65.49934528520757,68.53746077358275,6.158713575341655,3.0,2.0,2.0,0,1,2,Not Ready
76.22849932347499,68.4465086032427,8.807898042694124,5.0,2.0,1.0,1,0,1,Almost Ready
59.32379570617405,60.27809143412569,5.0,2.0,2.0,5.0,1,1,2,Not Ready
68.57620514978707,60.70808990693957,5.9840999429749,2.0,5.0,2.0,3,1,0,Ready
71.20295631711899,52.571342010203374,5.895767583314557,3.0,2.0,3.0,0,1,2,Not Ready
75.14438834058748,87.24534417505633,9.5,5.0,2.0,2.0,0,1,1,Almost Ready
77.11614878088889,54.31750441069586,5.911268046553225,2.0,1.0,1.0,2,0,2,Not Ready
58.75357908162131,60.37804282424502,5.0,1.0,3.0,3.0,1,1,2,Not Ready
54.65885829264378,60.097520078738825,5.0,1.0,1.0,4.0,2,2,2,Not Ready
82.7767682189851,77.84416814638885,9.5,5.0,5.0,3.0,6,0,0,Ready
73.32314011979592,64.7555535387877,8.126541469753416,5.0,2.0,5.0,0,3,1,Almost Ready
62.51513463443446,81.72516279941107,8.539131545690427,5.0,1.0,4.0,1,1,1,Almost Ready
85.51151975522524,60.59160313331745,8.783211012626097,4.0,5.0,3.0,3,2,0,Ready
71.15674634292859,71.06893578446181,7.3319211369051835,3.0,4.0,2.0,2,0,0,Ready
81.79297184063826,58.81118241414267,8.408332153321753,5.0,2.0,2.0,1,0,1,Almost Ready
70.67518481410109,91.59664040550727,9.5,5.0,2.0,1.0,0,0,1,Almost Ready
90.60747924881987,54.93641739067536,8.861550811057448,5.0,1.0,2.0,0,1,1,Almost Ready
87.55340842443204,71.40802781249731,9.5,5.0,5.0,1.0,3,0,0,Ready
67.51035851520926,74.97154569025308,9.052614928738677,5.0,4.0,2.0,3,0,0,Ready
79.71570950954356,72.55179007196648,9.185714737666949,5.0,1.0,4.0,0,2,1,Almost Ready
76.45375949585147,65.96183575234521,6.852583209319088,4.0,4.0,3.0,2,0,0,Ready
83.68631557532349,66.57197230293231,9.5,5.0,3.0,4.0,0,2,1,Almost Ready
60.35076539419896,68.4819261917702,7.2251593286508005,3.0,5.0,2.0,4,0,0,Ready
76.8605145999844,66.38297798208663,9.105997063780372,5.0,3.0,3.0,0,0,1,Almost Ready
80.58424486849587,78.60267028474401,9.5,5.0,1.0,1.0,2,0,1,Almost Ready
52.41260513576886,92.31575301750486,8.463435630175034,4.0,3.0,2.0,1,1,1,Almost Ready
58.16741487334225,61.86759036491383,5.408812084057068,1.0,1.0,1.0,0,0,2,Not Ready
49.607678222398995,52.93216722463014,5.0,1.0,1.0,2.0,1,1,2,Not Ready
67.30593165555442,67.0288974681362,7.388403253231701,4.0,1.0,2.0,0,1,1,Almost Ready
77.17542255795962,95.0,9.5,5.0,5.0,1.0,5,0,0,Ready
85.02357052096028,59.15957975233296,9.157577494743425,5.0,4.0,3.0,2,0,0,Ready
70.74094780419775,86.03028485988474,9.5,5.0,5.0,3.0,2,1,0,Ready
86.28615545571292,86.45470895484084,9.5,5.0,3.0,2.0,1,0,1,Almost Ready
56.198985417851084,61.91052934121206,5.0,1.0,1.0,1.0,1,0,2,Not Ready
52.96617560644845,74.25881387103803,6.070961265526976,3.0,5.0,2.0,4,1,0,Ready
69.44452301103381,85.91236285441391,9.4189949273726,5.0,5.0,3.0,3,1,0,Ready
73.84065448939307,63.82959484913764,7.303180835235079,5.0,1.0,3.0,0,1,1,Almost Ready
69.67305251905907,65.76061603887402,7.110409064633411,4.0,2.0,4.0,1,1,1,Almost Ready
49.325578999601234,61.60150994656492,5.0,2.0,2.0,4.0,2,1,2,Not Ready
69.10879960487212,56.83767596237846,5.968148771104448,3.0,3.0,1.0,0,0,2,Not Ready
56.95530499495147,60.857947004273925,5.0,1.0,1.0,3.0,1,0,2,Not Ready
76.69672548830039,54.536657065615174,7.245522716749569,3.0,4.0,1.0,2,0,0,Ready
73.66598246096848,68.37491815085149,8.306238624232092,4.0,1.0,4.0,0,0,1,Almost Ready
60.60120213672645,59.530294458354945,5.015074328692902,1.0,1.0,2.0,0,1,2,Not Ready
64.86133082663306,70.57164502969823,7.150999020193236,3.0,1.0,2.0,0,0,2,Not Ready
59.40786478111048,50.8851478917601,5.0,1.0,3.0,2.0,2,1,2,Not Ready
69.37320902726829,71.63968255435903,8.564482869577915,5.0,2.0,2.0,2,0,1,Almost Ready
79.55142320501238,77.16881857769818,9.5,5.0,3.0,3.0,2,0,1,Almost Ready
60.14273953664456,46.068907931713994,5.0,1.0,4.0,4.0,1,3,2,Not Ready
75.04046515517844,72.11462226832329,8.921400099136926,5.0,5.0,5.0,4,1,0,Ready
64.69742381627559,81.50435891720622,8.257331948285664,5.0,5.0,2.0,2,0,0,Ready
62.07127167737656,54.69394879439674,5.0,1.0,2.0,3.0,2,0,2,Not Ready
68.92969640045442,86.39829625521475,9.5,5.0,1.0,3.0,1,1,1,Almost Ready
59.64757677580626,72.6092091030265,7.275712472181278,4.0,1.0,2.0,1,0,1,Almost Ready
64.46350694652818,60.2448695866575,5.837537144478815,2.0,3.0,1.0,2,0,2,Not Ready
58.021221074111516,67.38654014576524,5.907959138665285,3.0,5.0,1.0,3,0,0,Ready
89.6472513291639,74.14159603773895,9.5,5.0,1.0,4.0,2,1,1,Almost Ready
70.35263551971728,68.83605930553652,7.809618329588372,3.0,2.0,2.0,0,1,1,Almost Ready
63.00274492007414,73.92631591691006,7.734591550512075,4.0,3.0,3.0,3,1,0,Ready
72.13979910734221,57.87259047612697,6.450247561054129,2.0,2.0,1.0,1,0,2,Not Ready
68.8767195030917,69.86296906439686,7.9436344598231,4.0,1.0,1.0,0,0,1,Almost Ready
67.79030400466777,52.44914053404522,5.0,2.0,5.0,4.0,3,1,2,Not Ready
76.14166700043425,66.7765133251643,7.218318469701568,4.0,2.0,1.0,1,0,1,Almost Ready
77.57507710047305,58.057015943887315,7.2776743755609035,3.0,4.0,3.0,2,0,0,Ready
64.69498852389472,59.909170631512566,6.4019979413610635,3.0,3.0,4.0,2,2,2,Not Ready
64.2418175935532,81.5970249273148,9.338934079250997,5.0,1.0,2.0,0,0,1,Almost Ready
67.24948302848355,80.00441132653695,9.5,5.0,5.0,2.0,4,0,0,Ready
46.980788352644154,74.70051932997895,5.870261513296573,2.0,1.0,2.0,2,1,2,Not Ready
54.84808937801448,55.98455958860163,5.0,2.0,1.0,2.0,1,1,2,Not Ready
83.66874267444524,64.51950705335717,9.32689531287316,5.0,1.0,3.0,0,0,1,Almost Ready
86.44967713501283,81.34407469977101,9.5,5.0,1.0,2.0,1,1,1,Almost Ready
67.50963960443622,69.55888605003895,7.40224242015775,5.0,4.0,5.0,1,1,1,Almost Ready
75.76556963055766,93.51262493979864,9.5,5.0,1.0,3.0,0,1,1,Almost Ready
73.11250154543536,72.32649623333809,9.417791885400426,5.0,5.0,1.0,3,0,0,Ready
95.0,70.11254028139035,9.5,5.0,3.0,3.0,2,0,1,Almost Ready
81.19574911434577,64.59971889377249,8.644225568792034,5.0,2.0,2.0,0,0,1,Almost Ready
68.72082408519233,69.4689499526051,7.728730085097914,5.0,5.0,1.0,3,0,0,Ready
60.44459559399574,66.32283179981401,6.31571748353602,2.0,2.0,2.0,0,1,2,Not Ready
53.93553679742428,75.7891954435745,5.736782428083045,3.0,1.0,3.0,0,1,2,Not Ready
72.03463635867223,78.52372548474042,8.43566379994328,4.0,3.0,1.0,2,1,0,Ready
62.436492547156966,59.354115934412555,5.0,1.0,5.0,4.0,4,0,2,Not Ready
55.77746290402326,53.35643751086444,5.0,3.0,2.0,3.0,3,0,2,Not Ready
63.534271157574736,47.80174089586374,5.0,1.0,3.0,2.0,2,0,2,Not Ready
59.18451996385605,73.58790459603799,6.84197352457537,4.0,3.0,2.0,2,1,0,Ready
86.87141635072564,55.86296733208739,8.183533347910448,5.0,3.0,2.0,1,1,1,Almost Ready
78.81639756949451,45.0,6.298693402659549,1.0,3.0,1.0,2,0,2,Not Ready
69.92027358683383,72.2743646498406,8.492568117802325,5.0,5.0,1.0,5,0,0,Ready
84.79944138890026,95.0,9.5,5.0,2.0,5.0,1,2,1,Almost Ready
70.77368307647619,67.93321997306117,8.117139029452304,5.0,3.0,3.0,2,0,1,Almost Ready
61.38715798671736,77.22339851896805,7.222166916962427,3.0,3.0,1.0,2,0,2,Not Ready
85.23124077269657,68.90012294402321,9.5,5.0,2.0,5.0,0,2,1,Almost Ready
75.38910043684659,66.91221381489743,8.307314994493872,5.0,2.0,3.0,3,1,1,Almost Ready
59.62753845673544,78.10984131286546,7.99584727406074,5.0,1.0,3.0,1,1,1,Almost Ready
68.09661321916391,64.80698001392483,6.399610368443233,3.0,3.0,1.0,3,1,2,Not Ready
61.24381746615243,70.94131545479094,6.050890555133472,3.0,5.0,2.0,4,2,0,Ready
56.172002690356635,71.53867586815615,6.565546612789432,3.0,5.0,4.0,3,1,0,Ready
79.26177547531641,60.651005009926465,8.17512183583519,4.0,2.0,1.0,1,0,1,Almost Ready
89.0941664047013,78.91246584490175,9.5,4.0,1.0,2.0,2,0,1,Almost Ready
56.01432426180859,66.0754426763505,5.0,1.0,1.0,1.0,0,0,2,Not Ready
75.62969236690572,59.68680324557871,7.860191734080048,5.0,4.0,2.0,3,1,0,Ready
63.49357430878173,73.90160827927444,7.014571441774762,4.0,2.0,3.0,1,1,1,Almost Ready
65.12874616235304,58.11685220029859,6.308176231025726,3.0,2.0,1.0,1,0,2,Not Ready
64.07606075761132,68.3099927310604,6.407597655976824,5.0,1.0,2.0,0,0,1,Almost Ready
61.36009230320184,67.89969103691377,6.708163463821532,4.0,4.0,2.0,1,0,0,Ready
70.48521627944827,79.94485122414736,9.400200887664852,5.0,1.0,4.0,0,0,1,Almost Ready
61.69049883588962,73.22168056167948,7.538420625176536,5.0,4.0,1.0,2,0,0,Ready
72.70456825779839,67.72470345380341,7.792333755683174,4.0,4.0,2.0,2,0,0,Ready
69.49761890550863,76.99542929120315,8.892560776470619,5.0,3.0,4.0,1,2,1,Almost Ready
67.6105195313359,83.29228303919045,9.5,5.0,2.0,2.0,0,0,1,Almost Ready
60.92436337958402,74.13591336987048,6.757947784527439,3.0,5.0,1.0,3,0,0,Ready
64.23228669431667,68.11387881827719,7.2223369995991415,4.0,2.0,5.0,1,2,1,Almost Ready
77.55391225825755,53.56980144414825,6.411950272125077,2.0,1.0,2.0,0,0,2,Not Ready
75.00917187624381,56.2837497061709,6.579638279692198,5.0,1.0,2.0,0,1,1,Almost Ready
60.22444755201449,64.64252825209866,5.232871683312715,1.0,1.0,2.0,0,0,2,Not Ready
70.99332305429226,61.295365776247884,5.562136495183366,2.0,2.0,5.0,2,1,2,Not Ready
77.5138712337179,65.94331566716009,8.423064153831612,5.0,5.0,2.0,3,0,0,Ready
53.305947188786284,68.62314917386819,6.4956721652046285,3.0,1.0,4.0,0,2,2,Not Ready
75.43360192379934,73.82662029792404,9.5,5.0,1.0,4.0,0,1,1,Almost Ready
63.37376241054153,67.22451344135,6.580111187916532,4.0,1.0,2.0,0,1,1,Almost Ready
75.70598668593159,73.35151808208822,9.227180300598837,5.0,4.0,5.0,1,2,1,Almost Ready
62.367408434574834,68.70921856291132,6.672726996028946,3.0,5.0,5.0,4,3,0,Ready
51.95117899335481,46.26986777010742,5.0,2.0,2.0,3.0,2,2,2,Not Ready
53.72457562116837,57.6673106679937,5.0,1.0,1.0,2.0,0,1,2,Not Ready
70.48084946661382,66.41503688706223,8.091543800385843,5.0,5.0,1.0,2,0,0,Ready
72.59722501721483,54.69335782874782,6.451278084615018,5.0,3.0,1.0,2,0,0,Ready
60.956833748955916,74.59921602995826,7.692500329691094,4.0,3.0,3.0,1,1,1,Almost Ready
76.38592458777374,84.83825915578066,9.5,5.0,3.0,1.0,0,0,1,Almost Ready
53.3847993773104,81.40638036867048,7.228485290744127,5.0,2.0,3.0,3,1,0,Ready
69.33920201352683,65.6521284197677,7.585130182977591,5.0,1.0,1.0,1,0,1,Almost Ready
57.889838002375434,84.39798750534948,8.639080893029425,5.0,2.0,3.0,0,0,1,Almost Ready
63.48163892197841,69.63534202922322,6.790526787209733,3.0,1.0,4.0,0,1,2,Not Ready
70.47398671316414,64.29205431770157,6.928105268181406,3.0,5.0,2.0,3,1,0,Ready
61.39586634716048,61.25257070104966,5.448193704862514,3.0,1.0,2.0,1,0,2,Not Ready
66.15444455770175,64.67283344863058,7.3986017766974435,4.0,2.0,2.0,1,0,1,Almost Ready
80.0629280921444,63.73005499604648,7.949393925401681,4.0,3.0,3.0,2,0,1,Almost Ready
64.23108130476851,69.87457844613037,6.382086329758612,4.0,4.0,1.0,2,0,0,Ready
78.35692112065142,69.76631379154851,9.300865657448249,5.0,2.0,2.0,1,0,1,Almost Ready
58.702931453423815,68.03350622168756,6.035909502194715,2.0,2.0,2.0,1,1,2,Not Ready
75.29804177915283,72.80631986720985,9.302325079139605,5.0,5.0,3.0,2,1,0,Ready
84.41568620657901,81.09710902264976,9.5,5.0,5.0,2.0,3,0,0,Ready
45.283554998727105,78.44509548985457,5.447696445969849,2.0,1.0,2.0,1,1,2,Not Ready
62.03104744529523,51.66612234705106,5.0,2.0,2.0,2.0,1,1,2,Not Ready
75.7707212718054,45.0,5.0,1.0,5.0,3.0,2,0,2,Not Ready
67.96954613957007,78.27751902363201,8.522811262090189,4.0,3.0,4.0,2,1,1,Almost Ready
73.71145873371309,52.96433431743037,5.949741577596995,3.0,5.0,2.0,2,0,0,Ready
63.960148132841795,65.52758057918048,5.601564901226258,2.0,1.0,3.0,0,1,2,Not Ready
70.865897874729,55.128756713347045,5.811270985995371,3.0,5.0,5.0,4,3,0,Ready
68.44322764607921,48.17821518661978,5.323951507768857,2.0,4.0,2.0,2,0,2,Not Ready
81.67782061659807,73.95609001025267,9.5,5.0,2.0,3.0,1,1,1,Almost Ready
72.54420843301213,76.35070676332911,9.449587732310528,5.0,4.0,1.0,2,0,0,Ready
73.37602662075201,61.658385592006084,6.6250794493274245,3.0,5.0,2.0,2,0,0,Ready
65.88123033877532,45.0,5.0,2.0,3.0,1.0,1,0,2,Not Ready
65.12393775927507,61.99131106922269,5.879689134112695,2.0,1.0,1.0,0,0,2,Not Ready
65.6744181218038,72.30984405942802,7.538781778806655,4.0,5.0,2.0,2,2,0,Ready
73.94452142378297,51.73197274348458,6.492296022592018,2.0,3.0,2.0,1,0,2,Not Ready
65.79015519179737,70.0169591175707,7.649912676767774,4.0,4.0,1.0,4,0,0,Ready
72.89774856896413,67.83159165909704,7.55367205574066,4.0,3.0,1.0,0,1,1,Almost Ready
90.75400798645438,74.37220649561198,9.5,5.0,3.0,2.0,1,1,1,Almost Ready
78.71124703431693,69.31538405255569,9.453105537279285,5.0,3.0,2.0,2,1,1,Almost Ready
66.73976467832159,57.29624165030289,6.175475468554305,2.0,1.0,3.0,0,1,2,Not Ready
82.01213922163944,81.1622865183094,9.5,5.0,1.0,2.0,1,1,1,Almost Ready
65.91924626978448,66.25617469670333,6.318766049059236,2.0,4.0,5.0,1,2,2,Not Ready
49.61875464822146,67.69965006539076,5.0,2.0,5.0,3.0,2,1,2,Not Ready
59.91913689082596,57.734052450194845,5.0,2.0,2.0,1.0,1,0,2,Not Ready
51.29208078974145,63.12389523689339,5.0,2.0,1.0,2.0,2,0,2,Not Ready
66.48486515958692,58.26717014570409,5.945984483016819,3.0,2.0,3.0,2,0,2,Not Ready
70.18418379189552,66.09759334084235,7.935933828205231,5.0,1.0,4.0,0,1,1,Almost Ready
86.76437312275283,86.82879328156578,9.5,5.0,4.0,1.0,5,0,0,Ready
73.26927373764163,52.90908742775508,5.766830413182085,2.0,5.0,1.0,3,0,2,Not Ready
67.80899471191135,50.25082462335585,5.0,1.0,4.0,3.0,1,2,2,Not Ready
78.2940558118349,84.1828736024297,9.5,5.0,1.0,2.0,1,1,1,Almost Ready
47.88864690992115,65.69743955132947,5.082682330034979,2.0,3.0,1.0,2,0,2,Not Ready
72.35614558108566,60.640199874740915,6.145621304814956,2.0,1.0,3.0,1,1,2,Not Ready
77.70865193886966,79.43895156135684,9.5,5.0,1.0,3.0,0,0,1,Almost Ready
55.214137542201584,61.3382290628945,5.494658100379232,3.0,3.0,3.0,0,0,2,Not Ready
81.43754043206928,88.08610684901629,9.5,5.0,3.0,3.0,1,2,1,Almost Ready
73.38496407494414,75.45718458473196,9.231302781450667,5.0,3.0,1.0,1,0,1,Almost Ready
65.84712086099199,62.63297451039727,6.093291594303175,3.0,2.0,1.0,1,0,2,Not Ready
76.32781866106285,91.73039034592054,9.5,5.0,5.0,2.0,4,1,0,Ready
92.70692857804396,61.33713584696328,9.5,5.0,2.0,2.0,0,1,1,Almost Ready
71.81866255058495,76.16304909210237,8.091325790738344,3.0,5.0,3.0,3,0,0,Ready
72.48220586300336,71.29221838447141,9.332880487769378,5.0,5.0,1.0,4,0,0,Ready
65.40639100459757,82.31915418338679,8.44685320197258,5.0,3.0,2.0,1,0,1,Almost Ready
61.50155630535208,85.17662316399537,8.868400755784911,5.0,4.0,1.0,2,1,0,Ready
78.30335816544246,68.35204563972343,8.783688360625552,5.0,2.0,2.0,1,0,1,Almost Ready
61.43916174091133,59.71240342619198,5.467011409950857,1.0,3.0,2.0,3,0,2,Not Ready
70.71566237219392,73.05969357233027,7.767241215736755,5.0,2.0,3.0,2,0,1,Almost Ready
65.22342553234883,60.545130932726835,6.09636980280232,3.0,1.0,1.0,1,0,2,Not Ready
74.78979825746391,90.14725972279285,9.5,5.0,4.0,1.0,3,0,0,Ready
73.33662105286949,69.50188864191011,7.744189451920535,4.0,5.0,1.0,4,0,0,Ready
80.375399442579,63.9814629355668,8.748382440527068,5.0,1.0,3.0,0,1,1,Almost Ready
64.89983601145254,70.03148336451399,6.908706817496674,2.0,3.0,1.0,3,0,2,Not Ready
67.30125064706628,53.18161081517334,5.285372822432461,1.0,3.0,2.0,1,1,2,Not Ready
60.21236284217693,57.312245576382836,5.0,2.0,5.0,1.0,3,0,2,Not Ready
65.55706739923889,81.20455298738868,8.693499603471981,5.0,2.0,1.0,1,0,1,Almost Ready
73.77300493044852,60.77416293131465,7.426011321700012,4.0,1.0,3.0,0,0,1,Almost Ready
77.56988616645351,56.483979190498665,8.010253858436199,5.0,3.0,5.0,3,1,0,Ready
60.77834675822375,73.90318027780015,7.106777159539934,4.0,3.0,3.0,2,1,0,Ready
78.6960592010566,81.04274570129297,9.5,5.0,5.0,1.0,2,0,0,Ready
83.55637858804951,75.90848641731573,9.5,5.0,2.0,2.0,0,1,1,Almost Ready
74.13434903223701,78.95652454386398,9.485412848006145,5.0,3.0,3.0,1,1,1,Almost Ready
88.76795812558066,59.67525402573593,9.5,5.0,3.0,3.0,1,1,1,Almost Ready
62.26210800896427,52.36008266583972,5.0,2.0,5.0,3.0,3,1,2,Not Ready
57.55345296688583,84.51467017151035,8.488025145152255,5.0,4.0,4.0,2,1,0,Ready
52.212797510957216,64.45052177273651,5.0,1.0,4.0,1.0,3,1,2,Not Ready
84.96044311489183,65.24083681899448,9.5,5.0,3.0,4.0,2,1,1,Almost Ready
76.54365656354058,82.61013556033964,9.5,5.0,1.0,2.0,0,0,1,Almost Ready
69.44415329089544,74.11853010340727,8.83666017232309,5.0,4.0,1.0,3,0,0,Ready
72.7996862631982,73.01476549289768,9.313334294576086,5.0,5.0,1.0,3,0,0,Ready
58.74510952701623,91.81502579391193,9.357975131722684,5.0,5.0,2.0,4,0,0,Ready
94.45751979616827,60.92129946581843,9.5,5.0,5.0,5.0,3,2,0,Ready
71.29221181975228,78.2062414088936,9.5,5.0,1.0,3.0,1,1,1,Almost Ready
71.09394794604893,68.62714437386794,7.739803979967231,5.0,2.0,1.0,0,0,1,Almost Ready
77.25766623898691,70.95451506749582,9.1987608886595,4.0,4.0,3.0,3,1,0,Ready
74.81009231736714,84.81315269053785,9.5,5.0,1.0,5.0,0,1,1,Almost Ready
72.23884024279131,73.58619331918587,8.750242183923579,5.0,2.0,3.0,2,1,1,Almost Ready
62.09525544554688,73.92125686954596,7.2233067712533146,3.0,5.0,2.0,3,0,0,Ready
74.71468357135996,79.79758071040783,9.5,5.0,5.0,3.0,3,0,0,Ready
88.82024496475034,63.98551997502826,9.5,5.0,5.0,5.0,3,3,0,Ready
83.45420046154977,58.76869365927093,8.242822031514054,5.0,3.0,1.0,2,0,1,Almost Ready
85.93186626639397,56.50709886576863,8.041158250663678,5.0,3.0,1.0,2,0,1,Almost Ready
64.88784323568815,46.37007751686398,5.0,1.0,4.0,1.0,3,0,2,Not Ready
60.10395179741419,90.61827842934355,9.5,5.0,4.0,1.0,2,0,0,Ready
68.74213079900352,55.864707977061485,5.390814033540398,1.0,1.0,3.0,2,1,2,Not Ready
70.55724912288694,65.5662101405565,6.48524891383621,2.0,2.0,3.0,0,0,2,Not Ready
80.94191518470949,64.95505370122187,9.388302177808166,5.0,5.0,2.0,2,0,0,Ready
53.07535370285181,71.38147367590011,5.326209193932786,2.0,3.0,1.0,1,0,2,Not Ready
85.29550319460614,76.97310933793227,9.5,5.0,3.0,4.0,2,0,1,Almost Ready
68.4199210142101,77.4652083719572,7.897717499069178,4.0,3.0,3.0,2,2,1,Almost Ready
65.7311893005258,61.58614817574168,6.543899290589776,3.0,4.0,2.0,2,0,2,Not Ready
59.87895624739832,66.16166114834948,5.3005066447217795,1.0,3.0,2.0,2,0,2,Not Ready
53.451433281342304,71.10837945537129,6.049353970040301,3.0,4.0,2.0,2,0,2,Not Ready
78.23170583961914,65.26439761198098,8.531552051658235,5.0,4.0,4.0,3,2,0,Ready
70.73317967188405,85.68080133621991,9.5,5.0,4.0,1.0,1,0,1,Almost Ready
57.10039100258946,73.40072446802077,6.371649164128144,3.0,4.0,3.0,1,0,2,Not Ready
57.04921227936384,76.083655646548,7.313089417365125,4.0,5.0,2.0,4,2,0,Ready
66.64215300709871,75.29169395534154,8.343024270923655,5.0,1.0,1.0,0,0,1,Almost Ready
86.69021525289392,80.90821243233857,9.5,5.0,2.0,3.0,1,0,1,Almost Ready
67.40408648636395,69.99123714574078,8.597518837073453,5.0,2.0,2.0,1,0,1,Almost Ready
54.96857046881894,53.73484857248569,5.0,1.0,3.0,4.0,3,0,2,Not Ready
67.54256935914056,72.39656746927906,8.799476811747255,5.0,1.0,2.0,0,0,1,Almost Ready
67.2727643025233,60.83507416828988,6.268353739383583,3.0,3.0,5.0,0,1,2,Not Ready
45.0,62.185216500752674,5.0,1.0,5.0,1.0,3,0,2,Not Ready
69.45705133482188,74.45000420630602,7.920901518299691,5.0,3.0,1.0,1,1,1,Almost Ready
67.69065469791322,81.62111378576999,9.302205077163965,5.0,3.0,3.0,2,0,1,Almost Ready
76.96206364813418,68.23398734409668,9.240232704796858,5.0,3.0,1.0,0,0,1,Almost Ready
88.48956094945345,71.3971631385886,9.5,5.0,1.0,2.0,0,0,1,Almost Ready
81.26565029547757,86.72436439098762,9.5,5.0,4.0,3.0,2,0,0,Ready
67.3111130944517,70.64828497437425,6.968321865298113,4.0,1.0,2.0,0,0,1,Almost Ready
58.934740912583294,95.0,9.5,5.0,1.0,2.0,0,0,1,Almost Ready
95.0,74.22060610194698,9.5,5.0,3.0,2.0,2,1,1,Almost Ready
70.59218434014488,48.631609649286005,5.0653850397271185,1.0,3.0,2.0,2,0,2,Not Ready
70.13929291912946,76.28675783214986,9.407351307740548,5.0,2.0,2.0,2,0,1,Almost Ready
69.75874912889996,72.19274223371056,8.082342807551052,5.0,5.0,2.0,3,1,0,Ready
71.98084760767856,82.18728029491021,8.823112257074747,5.0,4.0,3.0,2,1,0,Ready
68.55639588076058,75.40499486396955,8.693682685107765,5.0,3.0,3.0,3,0,0,Ready
64.26337993119763,66.47698417617849,6.829423891973173,3.0,2.0,3.0,2,1,2,Not Ready
64.53141058759608,54.53271940081697,5.061766875742808,1.0,1.0,2.0,1,0,2,Not Ready
69.67246729784002,65.70074416985372,7.923872816065137,5.0,5.0,2.0,3,0,0,Ready
64.56575228866235,58.6442750036977,5.0,2.0,2.0,3.0,1,1,2,Not Ready
62.871542173228356,61.61424205214805,6.012975686531686,2.0,2.0,3.0,1,0,2,Not Ready
71.06430227691897,74.4743624486267,9.427053465070838,5.0,1.0,2.0,0,1,1,Almost Ready
67.45022782579144,86.36894954786547,9.183582814045279,5.0,4.0,3.0,1,2,1,Almost Ready
85.0399298858269,72.34138682805279,9.5,5.0,2.0,1.0,1,0,1,Almost Ready
45.0,54.845286317612974,5.0,1.0,5.0,1.0,3,0,2,Not Ready
80.91506851922462,72.89062935042155,9.5,5.0,2.0,1.0,0,1,1,Almost Ready
82.4608519249763,81.16294635310216,9.5,5.0,2.0,1.0,1,2,1,Almost Ready
49.2660976759185,61.2923880524868,5.0,1.0,2.0,3.0,1,0,2,Not Ready
66.57312405919652,66.5258111665979,6.626986244288356,4.0,1.0,1.0,1,0,1,Almost Ready
66.28559134004209,68.16157014202116,7.1841504310535,3.0,2.0,4.0,1,1,2,Not Ready
55.924883052821784,59.36611855609536,5.0,1.0,1.0,3.0,1,0,2,Not Ready
62.22183312409125,75.13108477228245,7.060025120013462,2.0,1.0,2.0,0,1,2,Not Ready
58.894241545341714,66.6695703653144,6.174258428076668,2.0,4.0,4.0,1,2,2,Not Ready
87.52270443423623,72.6148568829773,9.5,5.0,4.0,3.0,2,1,0,Ready
79.35678393147461,58.2375860441769,7.972311746802332,5.0,5.0,1.0,3,0,0,Ready
82.71555094994159,63.187958696442486,9.116822093384586,5.0,1.0,2.0,1,0,1,Almost Ready
77.21672064043236,75.94619493610548,9.111533972085377,5.0,5.0,1.0,6,0,0,Ready
58.70948228782771,63.898835326990564,5.052465316054914,1.0,1.0,2.0,1,0,2,Not Ready
64.75479733720226,86.99660236356746,9.5,5.0,2.0,1.0,1,0,1,Almost Ready
74.89374561227918,63.60400195823937,7.284079370007942,5.0,2.0,2.0,1,0,1,Almost Ready
57.778721911080545,70.47153198327075,6.005335952998,3.0,2.0,2.0,1,0,2,Not Ready
77.12998430172388,78.258499150604,9.5,5.0,1.0,4.0,1,2,1,Almost Ready
67.59674601841866,52.39797693773665,5.3909036980645935,3.0,4.0,3.0,3,0,2,Not Ready
66.25179192450402,48.631103068211466,5.0,3.0,2.0,2.0,1,0,2,Not Ready
77.10959968203491,51.217780539728956,5.950351935918759,1.0,3.0,3.0,1,0,2,Not Ready
74.4426331148604,81.888425137699,9.5,5.0,3.0,4.0,0,2,1,Almost Ready
66.3903383418092,61.92956039518309,7.117434642447632,5.0,4.0,3.0,3,0,0,Ready
81.59329803364248,95.0,9.5,5.0,3.0,1.0,0,0,1,Almost Ready
59.189366724001026,61.79327641476873,5.1900555420979755,2.0,1.0,3.0,0,1,2,Not Ready
76.15935606944264,70.03006433516741,8.524280199871045,5.0,2.0,4.0,2,2,1,Almost Ready
75.93101257968384,84.96320947824663,9.5,5.0,4.0,1.0,1,1,1,Almost Ready
66.9045356068601,90.06702176975035,9.5,5.0,5.0,2.0,3,1,0,Ready
73.26133022242118,90.67653934300037,9.5,5.0,3.0,2.0,1,0,1,Almost Ready
57.488864236146966,81.29202853652457,8.517933212373945,5.0,1.0,3.0,0,1,1,Almost Ready
79.240270192069,79.26468778392609,9.5,5.0,5.0,3.0,5,2,0,Ready
68.15097863557011,74.51779644121301,7.64877611063756,4.0,2.0,3.0,1,1,1,Almost Ready
64.7727697948096,76.56197183783301,8.726185053757852,5.0,5.0,2.0,2,0,0,Ready
80.49009225836889,61.93695712038613,7.865027093156048,5.0,3.0,4.0,2,2,1,Almost Ready
62.95656309457241,58.999812282354625,5.101470670562879,1.0,3.0,3.0,0,0,2,Not Ready
55.91538703636441,67.96288096847952,5.706840303852437,2.0,1.0,4.0,0,2,2,Not Ready
54.433708264760966,66.12796915222579,6.082085357439995,3.0,2.0,2.0,1,0,2,Not Ready
76.0600995134564,63.01449145739997,9.416147923631135,5.0,4.0,1.0,3,0,0,Ready
57.19570647503717,75.66026192202386,7.231756789127246,2.0,1.0,3.0,1,0,2,Not Ready
87.54794181984364,78.50835729427561,9.5,5.0,4.0,2.0,2,0,0,Ready
49.18070592116278,68.97247574921032,5.0,1.0,1.0,1.0,0,0,2,Not Ready
86.96456368290038,84.25283089160789,9.5,5.0,3.0,3.0,3,1,0,Ready
72.11017467202619,55.441419744531444,5.972405349705049,2.0,5.0,3.0,2,2,2,Not Ready
69.03286888129608,65.86974594792311,8.132997902339039,5.0,1.0,1.0,1,0,1,Almost Ready
64.5508091319105,60.114954473369146,5.814899920387648,1.0,3.0,2.0,1,1,2,Not Ready
73.9913611435207,47.46809721219634,5.467790297903254,4.0,1.0,4.0,0,2,2,Not Ready
69.62365297575151,67.0905124557303,7.840086940749503,4.0,4.0,3.0,1,1,1,Almost Ready
81.03301882016521,66.66077740778388,9.364862739499591,5.0,1.0,1.0,1,0,1,Almost Ready
71.1422764866204,84.64794717566343,9.5,5.0,1.0,2.0,1,1,1,Almost Ready
71.50301761461877,74.93892853010256,8.657665328434739,5.0,4.0,2.0,2,1,0,Ready
66.36387787786144,56.73394493237875,5.185522544563013,1.0,2.0,4.0,1,1,2,Not Ready
69.43054376278933,88.39501822967607,9.5,5.0,5.0,1.0,3,1,0,Ready
73.0780176889206,81.43137065077889,9.5,5.0,1.0,1.0,1,0,1,Almost Ready
52.89831607343375,74.40307473815477,6.484676873494335,3.0,1.0,4.0,0,1,2,Not Ready
56.518145778942866,65.50867491265186,5.5329095368151515,1.0,3.0,3.0,2,1,2,Not Ready
77.43264094022715,57.44616839604172,8.069067617114099,5.0,3.0,4.0,3,1,0,Ready
71.70865438127942,63.90572546321842,7.339358967260151,5.0,4.0,1.0,2,0,0,Ready
68.1601666364732,79.97623481674604,9.5,5.0,3.0,2.0,1,1,1,Almost Ready
70.18433933065393,88.73044936528069,9.5,5.0,2.0,2.0,1,0,1,Almost Ready
73.47581705361671,84.97567881099408,9.5,5.0,5.0,4.0,2,1,0,Ready
64.60240319690638,62.62265636035099,6.431527812371494,4.0,3.0,1.0,3,0,0,Ready
62.216952745976876,55.684208233820875,5.109725202341235,1.0,5.0,1.0,4,0,2,Not Ready
71.95845255097682,69.54974871602325,8.079246716217918,5.0,4.0,3.0,2,1,0,Ready
60.21627222384968,48.54716697880863,5.0,1.0,5.0,2.0,6,2,0,Ready
74.08252755714472,71.5548448560326,8.086668988636193,5.0,3.0,2.0,0,0,1,Almost Ready
52.9741639576216,66.37637155071465,5.0,1.0,3.0,1.0,2,1,2,Not Ready
80.29155637325644,62.873598479449335,8.91996480966576,5.0,5.0,3.0,2,1,0,Ready
74.72597482413043,50.45826626006525,6.065238670682636,2.0,1.0,1.0,0,0,2,Not Ready
72.56029734313876,73.64960117226688,9.181817638001451,5.0,4.0,2.0,2,1,0,Ready
79.82690983945514,62.14029076371897,8.319966934066596,5.0,4.0,2.0,2,0,0,Ready
86.65474444462576,55.130914807186834,8.271380467085978,5.0,4.0,2.0,2,0,0,Ready
80.1437006501813,45.0,5.441394527790471,1.0,3.0,2.0,2,0,2,Not Ready
51.59125768668355,67.697336044443,5.242703269770251,1.0,5.0,3.0,3,0,2,Not Ready
57.204230332642986,87.49476756336719,8.915336156596222,5.0,3.0,1.0,1,1,1,Almost Ready
63.75181422304321,86.27385136002657,9.5,5.0,2.0,2.0,1,0,1,Almost Ready
70.26091050210833,62.97194117755101,6.721910330615111,4.0,1.0,2.0,0,1,1,Almost Ready
75.17659020469122,61.37566733602041,6.406167171171123,5.0,3.0,3.0,2,0,0,Ready
62.742561868465344,73.15651681682526,7.933438158670438,3.0,5.0,4.0,2,2,0,Ready
71.86766764477078,57.017760168928795,6.093395444050733,3.0,5.0,4.0,5,1,0,Ready
62.44617067646678,71.31971089801412,6.633494354150574,4.0,5.0,4.0,2,1,0,Ready
63.884821970080516,76.4268830622316,8.393495210803811,5.0,2.0,3.0,1,0,1,Almost Ready
55.93338903151778,81.49626546272738,7.418441854177208,2.0,2.0,2.0,2,0,2,Not Ready
60.76766753889096,66.89830515872052,6.679864096665034,2.0,5.0,2.0,1,0,2,Not Ready
56.48315394383666,65.75958874805337,5.644914378571854,2.0,5.0,2.0,3,0,2,Not Ready
60.241267470226674,58.34219154567783,5.129303513985914,2.0,4.0,3.0,2,1,2,Not Ready
80.5364179660784,58.90431610556154,7.233132255145724,5.0,3.0,3.0,1,0,1,Almost Ready
60.50601111168057,65.5087321890832,6.5081834878077665,2.0,5.0,1.0,3,0,0,Ready
95.0,72.04102057497796,9.5,5.0,3.0,4.0,1,0,1,Almost Ready
74.93317900880889,78.04943088856575,9.5,5.0,3.0,3.0,1,1,1,Almost Ready
71.84836123694873,59.1650315425162,6.723703150590866,4.0,4.0,1.0,4,0,0,Ready
61.41642219818787,84.41957425855475,7.9872818520622335,5.0,4.0,1.0,2,0,0,Ready
77.00309879408991,65.01764038853175,8.507437283133584,5.0,1.0,1.0,0,1,1,Almost Ready
64.24362173762226,67.76495976216721,6.286601470877385,4.0,3.0,1.0,1,0,2,Not Ready
71.22009814645361,59.78067152937395,5.9737803084523655,1.0,1.0,2.0,1,0,2,Not Ready
95.0,45.0,7.238820406891055,4.0,4.0,3.0,2,0,0,Ready
69.03940100275351,77.72449935997155,9.5,5.0,2.0,2.0,3,0,1,Almost Ready
81.49273326285676,76.10528286801677,9.5,5.0,4.0,3.0,3,1,0,Ready
62.96823574874112,64.90539687169965,6.947908748024365,4.0,2.0,2.0,3,1,0,Ready
69.65011509503039,68.7368978894736,7.490151216149449,4.0,3.0,1.0,1,0,1,Almost Ready
87.7080063563551,73.6753313947451,9.5,5.0,2.0,1.0,1,0,1,Almost Ready
63.730329422122324,50.81199557424803,5.0,3.0,1.0,3.0,1,2,2,Not Ready
88.12448557996929,62.18042054919076,9.5,5.0,3.0,1.0,0,0,1,Almost Ready
77.07751935455475,76.7369114758401,9.5,5.0,2.0,2.0,2,0,1,Almost Ready
64.37533224105732,54.20281634513826,5.0,2.0,1.0,1.0,1,0,2,Not Ready
76.3240773905552,71.22913725383292,9.212991309584613,5.0,5.0,2.0,3,1,0,Ready
79.7255444962673,53.07760014914254,7.1713630648952496,4.0,1.0,3.0,2,1,1,Almost Ready
76.21809962217196,73.13072980676878,9.5,5.0,1.0,1.0,1,0,1,Almost Ready
54.297752801095434,67.60794369472768,6.01010408931993,4.0,2.0,2.0,1,2,2,Not Ready
62.728628241751316,50.23355002503939,5.0,1.0,2.0,2.0,2,0,2,Not Ready
67.52481364448495,80.81213289902888,8.587518138486056,5.0,1.0,2.0,0,0,1,Almost Ready
69.25566570899954,59.91949265522146,6.169541174071512,3.0,3.0,1.0,3,0,2,Not Ready
76.20672097550678,59.08722319284181,7.424231878543732,3.0,3.0,1.0,2,0,2,Not Ready
71.77701000933254,70.20626116954037,7.815611213725631,4.0,1.0,3.0,0,1,1,Almost Ready
56.64655641289899,80.63501084371586,7.1136596310447056,5.0,2.0,1.0,1,0,1,Almost Ready
73.80197851005963,56.82595999123763,6.766084715969532,2.0,2.0,1.0,0,0,2,Not Ready
76.10585745283824,68.67847834832769,8.693324194389664,5.0,4.0,3.0,2,2,0,Ready
75.5979044793104,72.7169815036363,9.263631395147799,5.0,2.0,4.0,1,2,1,Almost Ready
80.80780725554622,75.62416167989458,9.5,5.0,1.0,4.0,0,0,1,Almost Ready
78.33922154548904,69.94085710804947,9.126811440927892,5.0,1.0,5.0,0,3,1,Almost Ready
74.59180079228437,63.962693770083455,7.321057612221021,4.0,1.0,4.0,1,1,1,Almost Ready
69.29834288541353,58.89650757286408,6.674326774304036,3.0,1.0,2.0,0,0,2,Not Ready
53.39039066484008,68.94758271351012,5.868320674114407,3.0,1.0,1.0,2,0,2,Not Ready
74.29618219132585,56.20647086815832,5.652304027803579,1.0,3.0,2.0,1,0,2,Not Ready
72.07687687163111,45.0,5.0,3.0,3.0,3.0,2,1,2,Not Ready
72.71578837195374,72.80215784573434,8.079427305108172,4.0,5.0,3.0,1,1,0,Ready
57.232514241796906,77.94328325194815,6.951357656858308,2.0,3.0,2.0,0,1,2,Not Ready
59.189434595917376,45.0,5.0,1.0,3.0,2.0,1,0,2,Not Ready
80.53152853332904,56.892962248190685,6.888851007378693,3.0,5.0,3.0,6,1,0,Ready
69.60444846143345,74.81069687105717,8.201341893310937,5.0,2.0,3.0,2,1,1,Almost Ready
76.81500697372624,90.63245016682869,9.5,5.0,4.0,2.0,2,0,0,Ready
70.28318376130461,68.22873078442949,7.880420846559587,4.0,2.0,2.0,1,0,1,Almost Ready
70.29756139495746,59.99196764647952,6.578101524733672,4.0,5.0,2.0,3,0,0,Ready
