cgpa,aptitude_level,domain_skill_level,english_level,applied_work_count,internships_count
1.1582033659983546,0.8086779735878081,-0.5619376473651421,-1.1977558772658594,-0.4580466107620556,-0.7941852458634804
-0.19668001492287063,0.8086779735878081,-1.2721274070683235,-0.339149513634419,-1.236045100379135,-0.7941852458634804
0.5387062146846807,0.8086779735878081,-1.2721274070683235,0.5194568499970215,0.31995187885502385,0.5518914420407237
0.7352809283937041,0.8086779735878081,0.8584418720412206,-0.339149513634419,1.0979503684721033,-0.7941852458634804
-0.7820082992023988,-0.5901163591046168,-1.2721274070683235,-1.1977558772658594,-1.236045100379135,-0.7941852458634804
-0.79978059821922,0.1092808072415957,-1.2721274070683235,-1.1977558772658594,0.31995187885502385,-0.7941852458634804
1.1582033659983546,0.8086779735878081,0.14825211233803925,0.5194568499970215,0.31995187885502385,0.5518914420407237
0.767328396918291,0.1092808072415957,-0.5619376473651421,-0.339149513634419,-0.4580466107620556,0.5518914420407237
0.9893138263090576,0.8086779735878081,0.14825211233803925,-0.339149513634419,0.31995187885502385,1.8979681299449278
-0.45687486488936035,-0.5901163591046168,-1.2721274070683235,0.5194568499970215,-1.236045100379135,-0.7941852458634804
-0.6820812205838583,-1.2895135254508292,1.568631631744402,0.5194568499970215,1.0979503684721033,0.5518914420407237
-1.3412158904144464,-1.2895135254508292,1.568631631744402,1.3780632136284618,1.0979503684721033,-0.7941852458634804
1.1582033659983546,0.8086779735878081,-1.2721274070683235,2.236669577259902,-1.236045100379135,1.8979681299449278
-1.5775571910397048,-1.9889106917970416,-0.5619376473651421,-0.339149513634419,-0.4580466107620556,0.5518914420407237
-0.5733270271716773,-0.5901163591046168,0.14825211233803925,-0.339149513634419,0.31995187885502385,-0.7941852458634804
-1.0244358301159273,-0.5901163591046168,0.14825211233803925,-1.1977558772658594,-0.4580466107620556,-0.7941852458634804
-0.544727312520723,0.1092808072415957,0.14825211233803925,-0.339149513634419,0.31995187885502385,1.8979681299449278
1.010553760042267,0.8086779735878081,-1.2721274070683235,-1.1977558772658594,-1.236045100379135,-0.7941852458634804
-0.8630765572243996,-1.2895135254508292,-1.2721274070683235,0.5194568499970215,-0.4580466107620556,-0.7941852458634804
0.16848665688033967,0.8086779735878081,0.8584418720412206,0.5194568499970215,1.0979503684721033,0.5518914420407237
0.9096073462408995,0.8086779735878081,0.8584418720412206,-1.1977558772658594,0.31995187885502385,-0.7941852458634804
0.826020262203433,0.8086779735878081,0.8584418720412206,-0.339149513634419,1.0979503684721033,0.5518914420407237
1.1582033659983546,0.8086779735878081,-0.5619376473651421,-0.339149513634419,-0.4580466107620556,-0.7941852458634804
-1.6496096768820923,-1.2895135254508292,-1.2721274070683235,-1.1977558772658594,-1.236045100379135,-0.7941852458634804
-0.3486590201763172,0.8086779735878081,-0.5619376473651421,0.5194568499970215,0.31995187885502385,-0.7941852458634804
1.1582033659983546,0.8086779735878081,-0.5619376473651421,0.5194568499970215,-0.4580466107620556,0.5518914420407237
0.4444839500545652,0.8086779735878081,-1.2721274070683235,-1.1977558772658594,-0.4580466107620556,-0.7941852458634804
0.24805773376075407,0.8086779735878081,-1.2721274070683235,-1.1977558772658594,-1.236045100379135,-0.7941852458634804
-0.9385082666492395,0.1092808072415957,0.14825211233803925,1.3780632136284618,1.0979503684721033,0.5518914420407237
-0.2619874676085443,0.8086779735878081,-1.2721274070683235,-0.339149513634419,-1.236045100379135,0.5518914420407237
-1.6496096768820923,-1.9889106917970416,1.568631631744402,0.5194568499970215,3.4319458373233416,-0.7941852458634804
0.5588683327272883,0.8086779735878081,0.8584418720412206,0.5194568499970215,1.0979503684721033,-0.7941852458634804
-1.2121230902389,-1.2895135254508292,-1.2721274070683235,2.236669577259902,-1.236045100379135,1.8979681299449278
-1.4240187252148846,-1.9889106917970416,0.14825211233803925,-1.1977558772658594,0.31995187885502385,-0.7941852458634804
0.6647767946691214,0.8086779735878081,0.8584418720412206,-1.1977558772658594,-0.4580466107620556,0.5518914420407237
-0.9923539282806141,-0.5901163591046168,1.568631631744402,0.5194568499970215,1.0979503684721033,0.5518914420407237
1.1582033659983546,0.8086779735878081,-0.5619376473651421,2.236669577259902,0.31995187885502385,3.244044817849132
-1.6496096768820923,-1.9889106917970416,0.8584418720412206,-0.339149513634419,0.31995187885502385,-0.7941852458634804
0.44883457354490774,0.8086779735878081,0.14825211233803925,-1.1977558772658594,0.31995187885502385,0.5518914420407237
-0.3340283408327944,0.1092808072415957,0.8584418720412206,-1.1977558772658594,0.31995187885502385,-0.7941852458634804
0.6828683698902958,0.8086779735878081,-1.2721274070683235,0.5194568499970215,-1.236045100379135,0.5518914420407237
1.1582033659983546,0.8086779735878081,0.8584418720412206,-0.339149513634419,-0.4580466107620556,0.5518914420407237
-1.253885525802582,-1.2895135254508292,-1.2721274070683235,-1.1977558772658594,-1.236045100379135,1.8979681299449278
0.28809731769445607,0.1092808072415957,0.14825211233803925,-0.339149513634419,0.31995187885502385,-0.7941852458634804
-1.508803222613665,-1.9889106917970416,1.568631631744402,-1.1977558772658594,1.0979503684721033,-0.7941852458634804
0.0019658103122538726,0.1092808072415957,-1.2721274070683235,1.3780632136284618,-1.236045100379135,-0.7941852458634804
-0.15672794435335458,-0.5901163591046168,-1.2721274070683235,1.3780632136284618,-1.236045100379135,1.8979681299449278
1.1582033659983546,0.8086779735878081,-1.2721274070683235,0.5194568499970215,-1.236045100379135,0.5518914420407237
0.07054986631504186,0.8086779735878081,-0.5619376473651421,0.5194568499970215,-1.236045100379135,0.5518914420407237
-1.3538055668612008,-1.2895135254508292,1.568631631744402,0.5194568499970215,1.8759488580891828,0.5518914420407237
-0.12230871222277949,0.8086779735878081,0.14825211233803925,-1.1977558772658594,-0.4580466107620556,0.5518914420407237
-0.795574348069693,-1.2895135254508292,-0.5619376473651421,-1.1977558772658594,-0.4580466107620556,-0.7941852458634804
-1.1940448869522629,-1.2895135254508292,-0.5619376473651421,1.3780632136284618,-0.4580466107620556,0.5518914420407237
1.1582033659983546,0.8086779735878081,0.8584418720412206,0.5194568499970215,1.0979503684721033,0.5518914420407237
1.1582033659983546,0.8086779735878081,0.8584418720412206,-0.339149513634419,1.0979503684721033,0.5518914420407237
0.22693794142278767,0.8086779735878081,1.568631631744402,-0.339149513634419,1.0979503684721033,-0.7941852458634804
-1.5547570678138887,-1.2895135254508292,-0.5619376473651421,-0.339149513634419,0.31995187885502385,-0.7941852458634804
0.6420748363804979,0.8086779735878081,-1.2721274070683235,1.3780632136284618,-1.236045100379135,-0.7941852458634804
-0.5374312858050355,-0.5901163591046168,1.568631631744402,-0.339149513634419,2.6539473477062625,-0.7941852458634804
1.1582033659983546,0.8086779735878081,0.14825211233803925,-1.1977558772658594,-0.4580466107620556,-0.7941852458634804
0.2064290961665497,0.8086779735878081,-0.5619376473651421,-0.339149513634419,-0.4580466107620556,-0.7941852458634804
-1.6496096768820923,-1.9889106917970416,0.14825211233803925,-0.339149513634419,-0.4580466107620556,-0.7941852458634804
-0.06915181991352252,0.8086779735878081,-0.5619376473651421,1.3780632136284618,-1.236045100379135,0.5518914420407237
0.5747880045853369,0.8086779735878081,-0.5619376473651421,-1.1977558772658594,-1.236045100379135,-0.7941852458634804
0.5693018103405415,0.8086779735878081,-1.2721274070683235,0.5194568499970215,-1.236045100379135,0.5518914420407237
0.8981489868111598,0.8086779735878081,1.568631631744402,-1.1977558772658594,1.0979503684721033,-0.7941852458634804
-0.049772965360828134,0.8086779735878081,0.14825211233803925,-0.339149513634419,-1.236045100379135,0.5518914420407237
1.1582033659983546,0.8086779735878081,-1.2721274070683235,0.5194568499970215,-1.236045100379135,-0.7941852458634804
1.1582033659983546,0.8086779735878081,-1.2721274070683235,0.5194568499970215,-1.236045100379135,-0.7941852458634804
1.1582033659983546,0.8086779735878081,-1.2721274070683235,-0.339149513634419,0.31995187885502385,0.5518914420407237
0.11660732664521632,0.8086779735878081,-1.2721274070683235,-0.339149513634419,-1.236045100379135,-0.7941852458634804
0.5382708107112247,0.8086779735878081,-1.2721274070683235,-1.1977558772658594,-0.4580466107620556,-0.7941852458634804
-1.5407257191496442,-1.9889106917970416,-1.2721274070683235,2.236669577259902,-0.4580466107620556,0.5518914420407237
0.4591988240931455,0.1092808072415957,-1.2721274070683235,-0.339149513634419,-1.236045100379135,-0.7941852458634804
-1.6496096768820923,-1.9889106917970416,-0.5619376473651421,0.5194568499970215,-0.4580466107620556,1.8979681299449278
1.1582033659983546,0.8086779735878081,0.14825211233803925,2.236669577259902,0.31995187885502385,1.8979681299449278
-0.0366201562697304,0.1092808072415957,1.568631631744402,0.5194568499970215,0.31995187885502385,-0.7941852458634804
0.4602416426744688,0.8086779735878081,1.568631631744402,1.3780632136284618,1.0979503684721033,-0.7941852458634804
0.4155048915450531,0.8086779735878081,0.14825211233803925,2.236669577259902,0.31995187885502385,1.8979681299449278
-0.7363308144858014,-1.2895135254508292,0.8584418720412206,1.3780632136284618,0.31995187885502385,0.5518914420407237
1.1582033659983546,0.8086779735878081,0.14825211233803925,-1.1977558772658594,-0.4580466107620556,-0.7941852458634804
-0.1847813627530437,0.8086779735878081,0.14825211233803925,0.5194568499970215,-0.4580466107620556,0.5518914420407237
0.6324653673682968,0.8086779735878081,-0.5619376473651421,0.5194568499970215,-0.4580466107620556,0.5518914420407237
0.7261993414385766,0.8086779735878081,0.8584418720412206,-0.339149513634419,0.31995187885502385,0.5518914420407237
-0.38742866813536186,0.1092808072415957,0.8584418720412206,0.5194568499970215,0.31995187885502385,-0.7941852458634804
1.1582033659983546,0.8086779735878081,-0.5619376473651421,0.5194568499970215,-0.4580466107620556,0.5518914420407237
1.1582033659983546,0.8086779735878081,0.14825211233803925,0.5194568499970215,0.31995187885502385,-0.7941852458634804
0.03562382711183828,0.8086779735878081,0.14825211233803925,-0.339149513634419,-0.4580466107620556,-0.7941852458634804
0.23573326718183135,0.8086779735878081,-1.2721274070683235,-0.339149513634419,-1.236045100379135,0.5518914420407237
1.1582033659983546,0.8086779735878081,1.568631631744402,-1.1977558772658594,2.6539473477062625,-0.7941852458634804
1.1536851728513136,0.8086779735878081,-0.5619376473651421,-1.1977558772658594,0.31995187885502385,-0.7941852458634804
1.1582033659983546,0.8086779735878081,-1.2721274070683235,-1.1977558772658594,-1.236045100379135,-0.7941852458634804
0.748002000432291,0.8086779735878081,1.568631631744402,0.5194568499970215,1.0979503684721033,0.5518914420407237
0.5123156826443436,0.8086779735878081,0.8584418720412206,-1.1977558772658594,1.0979503684721033,-0.7941852458634804
1.130493305720764,0.8086779735878081,-1.2721274070683235,0.5194568499970215,-1.236045100379135,-0.7941852458634804
-0.06190783686355524,0.8086779735878081,0.14825211233803925,-1.1977558772658594,0.31995187885502385,-0.7941852458634804
-0.17190763852586927,0.1092808072415957,-0.5619376473651421,0.5194568499970215,-0.4580466107620556,0.5518914420407237
0.21901361708423464,0.8086779735878081,-1.2721274070683235,0.5194568499970215,-0.4580466107620556,0.5518914420407237
1.1582033659983546,0.8086779735878081,0.14825211233803925,1.3780632136284618,0.31995187885502385,-0.7941852458634804
-0.9695159683747943,-1.2895135254508292,0.14825211233803925,-0.339149513634419,0.31995187885502385,0.5518914420407237
-0.8006705879254447,-0.5901163591046168,0.14825211233803925,2.236669577259902,-0.4580466107620556,1.8979681299449278
-0.610958113759667,0.1092808072415957,0.14825211233803925,-1.1977558772658594,-0.4580466107620556,-0.7941852458634804
-0.058067668660546364,-0.5901163591046168,-0.5619376473651421,-1.1977558772658594,-0.4580466107620556,0.5518914420407237
0.9466063195432813,0.8086779735878081,0.14825211233803925,-0.339149513634419,1.0979503684721033,-0.7941852458634804
0.20872218210258806,0.8086779735878081,0.14825211233803925,2.236669577259902,-0.4580466107620556,-0.7941852458634804
0.38578508088298086,0.1092808072415957,-0.5619376473651421,0.5194568499970215,-0.4580466107620556,-0.7941852458634804
0.6102449671467312,0.8086779735878081,0.8584418720412206,0.5194568499970215,1.0979503684721033,0.5518914420407237
1.1582033659983546,0.8086779735878081,1.568631631744402,0.5194568499970215,2.6539473477062625,-0.7941852458634804
0.899296554953835,0.8086779735878081,-0.5619376473651421,-0.339149513634419,-1.236045100379135,0.5518914420407237
1.1582033659983546,0.8086779735878081,1.568631631744402,-0.339149513634419,1.0979503684721033,-0.7941852458634804
-1.6496096768820923,-1.9889106917970416,-1.2721274070683235,0.5194568499970215,-1.236045100379135,0.5518914420407237
0.1983285456719541,0.1092808072415957,1.568631631744402,2.236669577259902,2.6539473477062625,1.8979681299449278
-0.3296295483392175,0.8086779735878081,0.8584418720412206,-0.339149513634419,1.0979503684721033,-0.7941852458634804
1.1582033659983546,0.8086779735878081,0.8584418720412206,-1.1977558772658594,0.31995187885502385,-0.7941852458634804
-0.4100807476233478,-0.5901163591046168,0.8584418720412206,-1.1977558772658594,-0.4580466107620556,-0.7941852458634804
0.5763246014439689,0.8086779735878081,1.568631631744402,1.3780632136284618,-0.4580466107620556,1.8979681299449278
0.7320096370365952,0.8086779735878081,0.8584418720412206,1.3780632136284618,0.31995187885502385,1.8979681299449278
-0.8071797596635508,-1.2895135254508292,-1.2721274070683235,-1.1977558772658594,-1.236045100379135,-0.7941852458634804
0.8664058670114866,0.8086779735878081,-1.2721274070683235,-0.339149513634419,-1.236045100379135,-0.7941852458634804
0.8027996580786319,0.8086779735878081,1.568631631744402,-0.339149513634419,1.0979503684721033,-0.7941852458634804
1.1582033659983546,0.8086779735878081,0.8584418720412206,1.3780632136284618,0.31995187885502385,0.5518914420407237
-1.6496096768820923,-1.9889106917970416,0.8584418720412206,1.3780632136284618,0.31995187885502385,0.5518914420407237
1.1582033659983546,0.8086779735878081,-0.5619376473651421,-0.339149513634419,-0.4580466107620556,-0.7941852458634804
-1.6496096768820923,-1.2895135254508292,-1.2721274070683235,-1.1977558772658594,-1.236045100379135,-0.7941852458634804
1.1582033659983546,0.8086779735878081,0.8584418720412206,-0.339149513634419,-0.4580466107620556,0.5518914420407237
0.8558431473731516,0.8086779735878081,-1.2721274070683235,2.236669577259902,-0.4580466107620556,0.5518914420407237
-1.634639202833912,-1.2895135254508292,1.568631631744402,-0.339149513634419,1.8759488580891828,-0.7941852458634804
0.14550750067346757,0.8086779735878081,-1.2721274070683235,1.3780632136284618,-1.236045100379135,-0.7941852458634804
1.1582033659983546,0.8086779735878081,0.14825211233803925,-0.339149513634419,0.31995187885502385,-0.7941852458634804
0.06963947370061316,-0.5901163591046168,-0.5619376473651421,0.5194568499970215,-1.236045100379135,-0.7941852458634804
-1.6496096768820923,-1.2895135254508292,-0.5619376473651421,0.5194568499970215,-0.4580466107620556,-0.7941852458634804
1.1582033659983546,0.8086779735878081,0.14825211233803925,-1.1977558772658594,0.31995187885502385,-0.7941852458634804
-1.6496096768820923,-1.2895135254508292,-1.2721274070683235,-0.339149513634419,-1.236045100379135,-0.7941852458634804
-1.6496096768820923,-1.9889106917970416,-0.5619376473651421,0.5194568499970215,0.31995187885502385,1.8979681299449278
-0.12287166618994746,0.1092808072415957,1.568631631744402,0.5194568499970215,2.6539473477062625,0.5518914420407237
0.4645842142256516,-0.5901163591046168,0.14825211233803925,-0.339149513634419,-0.4580466107620556,-0.7941852458634804
-1.6496096768820923,-1.9889106917970416,-1.2721274070683235,0.5194568499970215,-1.236045100379135,1.8979681299449278
0.12979154983007035,0.8086779735878081,-0.5619376473651421,-0.339149513634419,-1.236045100379135,-0.7941852458634804
1.1582033659983546,0.8086779735878081,1.568631631744402,-1.1977558772658594,1.0979503684721033,0.5518914420407237
-1.1639949974863706,-1.9889106917970416,1.568631631744402,0.5194568499970215,1.0979503684721033,-0.7941852458634804
-1.1027331567044008,-0.5901163591046168,-1.2721274070683235,-1.1977558772658594,-0.4580466107620556,-0.7941852458634804
1.1582033659983546,0.8086779735878081,-1.2721274070683235,-1.1977558772658594,-1.236045100379135,-0.7941852458634804
-0.7781686012727759,-0.5901163591046168,0.8584418720412206,-1.1977558772658594,0.31995187885502385,0.5518914420407237
0.4682611581797806,0.8086779735878081,0.8584418720412206,-0.339149513634419,0.31995187885502385,0.5518914420407237
1.1582033659983546,0.8086779735878081,0.8584418720412206,-1.1977558772658594,-1.236045100379135,-0.7941852458634804
-0.2605041147384455,0.1092808072415957,0.14825211233803925,-1.1977558772658594,1.0979503684721033,-0.7941852458634804
-1.6496096768820923,-1.2895135254508292,1.568631631744402,0.5194568499970215,1.0979503684721033,-0.7941852458634804
-1.6496096768820923,-0.5901163591046168,1.568631631744402,-0.339149513634419,2.6539473477062625,-0.7941852458634804
0.5357962160885594,0.1092808072415957,-1.2721274070683235,0.5194568499970215,0.31995187885502385,1.8979681299449278
0.8758684972036396,0.8086779735878081,0.8584418720412206,0.5194568499970215,1.0979503684721033,0.5518914420407237
-0.8221885830488599,-0.5901163591046168,-0.5619376473651421,-0.339149513634419,-0.4580466107620556,-0.7941852458634804
0.933267203317604,0.8086779735878081,1.568631631744402,2.236669577259902,3.4319458373233416,0.5518914420407237
-1.6496096768820923,-1.2895135254508292,-0.5619376473651421,2.236669577259902,1.0979503684721033,1.8979681299449278
1.1582033659983546,0.8086779735878081,-1.2721274070683235,0.5194568499970215,-0.4580466107620556,0.5518914420407237
0.38428308995983046,0.8086779735878081,0.8584418720412206,0.5194568499970215,1.0979503684721033,-0.7941852458634804
0.9453338668509559,0.8086779735878081,-0.5619376473651421,-0.339149513634419,-0.4580466107620556,-0.7941852458634804
1.1582033659983546,0.8086779735878081,0.14825211233803925,-0.339149513634419,0.31995187885502385,-0.7941852458634804
1.1582033659983546,0.8086779735878081,0.8584418720412206,1.3780632136284618,1.0979503684721033,0.5518914420407237
0.009682974611651119,0.1092808072415957,-1.2721274070683235,-1.1977558772658594,-1.236045100379135,0.5518914420407237
1.1582033659983546,0.8086779735878081,-1.2721274070683235,0.5194568499970215,-1.236045100379135,-0.7941852458634804
0.296175007205982,0.8086779735878081,1.568631631744402,0.5194568499970215,3.4319458373233416,0.5518914420407237
1.1582033659983546,0.8086779735878081,0.8584418720412206,-0.339149513634419,-0.4580466107620556,-0.7941852458634804
1.1582033659983546,0.8086779735878081,0.14825211233803925,-1.1977558772658594,-1.236045100379135,-0.7941852458634804
-0.5028677467153821,0.1092808072415957,-1.2721274070683235,-0.339149513634419,-0.4580466107620556,-0.7941852458634804
0.7675860649346725,0.8086779735878081,0.8584418720412206,-0.339149513634419,1.0979503684721033,-0.7941852458634804
1.1582033659983546,0.8086779735878081,-1.2721274070683235,-0.339149513634419,-1.236045100379135,0.5518914420407237
0.7853971125690419,0.8086779735878081,-1.2721274070683235,-1.1977558772658594,-1.236045100379135,-0.7941852458634804
1.1582033659983546,0.8086779735878081,0.14825211233803925,-0.339149513634419,-0.4580466107620556,1.8979681299449278
-0.19749636811705623,0.1092808072415957,1.568631631744402,-1.1977558772658594,1.8759488580891828,-0.7941852458634804
-1.6496096768820923,-1.9889106917970416,0.14825211233803925,-0.339149513634419,0.31995187885502385,0.5518914420407237
-0.6519613421705217,0.1092808072415957,1.568631631744402,0.5194568499970215,0.31995187885502385,0.5518914420407237
-0.9008128238734157,0.1092808072415957,-0.5619376473651421,1.3780632136284618,-0.4580466107620556,-0.7941852458634804
0.6341310583114669,0.8086779735878081,1.568631631744402,-1.1977558772658594,2.6539473477062625,-0.7941852458634804
-0.2568082906381828,0.8086779735878081,0.14825211233803925,-1.1977558772658594,-0.4580466107620556,-0.7941852458634804
-0.3969517820147937,0.1092808072415957,1.568631631744402,-1.1977558772658594,1.8759488580891828,-0.7941852458634804
-1.5478910887586623,-1.9889106917970416,-1.2721274070683235,0.5194568499970215,-0.4580466107620556,0.5518914420407237
-0.60927571897028,0.8086779735878081,-0.5619376473651421,1.3780632136284618,-0.4580466107620556,1.8979681299449278
-0.7687159153042246,-0.5901163591046168,-1.2721274070683235,0.5194568499970215,-0.4580466107620556,-0.7941852458634804
-1.6496096768820923,-1.2895135254508292,-1.2721274070683235,2.236669577259902,-1.236045100379135,1.8979681299449278
1.1582033659983546,0.8086779735878081,-1.2721274070683235,0.5194568499970215,-1.236045100379135,-0.7941852458634804
0.9909279361559399,0.8086779735878081,-0.5619376473651421,-0.339149513634419,-1.236045100379135,-0.7941852458634804
-0.35507317893415963,0.1092808072415957,1.568631631744402,2.236669577259902,1.8759488580891828,0.5518914420407237
-1.6496096768820923,-0.5901163591046168,0.14825211233803925,-0.339149513634419,0.31995187885502385,0.5518914420407237
0.6746435926893645,0.8086779735878081,0.14825211233803925,-0.339149513634419,-0.4580466107620556,-0.7941852458634804
-0.15205852912930862,0.1092808072415957,-1.2721274070683235,0.5194568499970215,-0.4580466107620556,-0.7941852458634804
-0.943960551605161,0.1092808072415957,0.14825211233803925,-0.339149513634419,-0.4580466107620556,-0.7941852458634804
1.1582033659983546,0.8086779735878081,-1.2721274070683235,-1.1977558772658594,-0.4580466107620556,-0.7941852458634804
0.6355297216016025,0.8086779735878081,-0.5619376473651421,-0.339149513634419,-1.236045100379135,-0.7941852458634804
-0.8853817489323019,-0.5901163591046168,0.14825211233803925,0.5194568499970215,0.31995187885502385,-0.7941852458634804
-0.9368519388918004,-0.5901163591046168,-1.2721274070683235,-1.1977558772658594,-1.236045100379135,-0.7941852458634804
-0.7533102232276787,-0.5901163591046168,-0.5619376473651421,0.5194568499970215,-0.4580466107620556,-0.7941852458634804
-1.2295304600392778,-0.5901163591046168,-0.5619376473651421,0.5194568499970215,0.31995187885502385,0.5518914420407237
-0.06897844334096764,0.1092808072415957,-0.5619376473651421,0.5194568499970215,0.31995187885502385,-0.7941852458634804
-1.6235357877620826,-1.2895135254508292,0.14825211233803925,0.5194568499970215,-0.4580466107620556,1.8979681299449278
-0.7675216779431303,-0.5901163591046168,-0.5619376473651421,1.3780632136284618,-0.4580466107620556,0.5518914420407237
-0.1282891990353594,0.1092808072415957,-0.5619376473651421,0.5194568499970215,-0.4580466107620556,0.5518914420407237
0.959079284428496,0.8086779735878081,0.14825211233803925,2.236669577259902,-0.4580466107620556,0.5518914420407237
0.5903796161207172,0.8086779735878081,-0.5619376473651421,2.236669577259902,-0.4580466107620556,0.5518914420407237
-0.16279697588915262,0.1092808072415957,0.8584418720412206,0.5194568499970215,1.8759488580891828,-0.7941852458634804
-0.438530048839049,-0.5901163591046168,1.568631631744402,0.5194568499970215,-0.4580466107620556,0.5518914420407237
1.1582033659983546,0.8086779735878081,1.568631631744402,2.236669577259902,1.8759488580891828,0.5518914420407237
1.1582033659983546,0.8086779735878081,0.14825211233803925,-0.339149513634419,0.31995187885502385,-0.7941852458634804
0.8891297633634364,0.8086779735878081,0.14825211233803925,-1.1977558772658594,0.31995187885502385,-0.7941852458634804
-0.11691800666619377,0.1092808072415957,0.8584418720412206,0.5194568499970215,0.31995187885502385,0.5518914420407237
-1.09803378704743,-0.5901163591046168,-0.5619376473651421,0.5194568499970215,0.31995187885502385,-0.7941852458634804
-0.9317795720633918,-0.5901163591046168,-1.2721274070683235,0.5194568499970215,-1.236045100379135,-0.7941852458634804
1.1582033659983546,0.8086779735878081,0.8584418720412206,-0.339149513634419,-0.4580466107620556,0.5518914420407237
1.1582033659983546,0.8086779735878081,0.14825211233803925,-1.1977558772658594,0.31995187885502385,-0.7941852458634804
1.104379560876326,0.8086779735878081,-1.2721274070683235,-1.1977558772658594,-0.4580466107620556,-0.7941852458634804
1.1582033659983546,0.8086779735878081,0.14825211233803925,-0.339149513634419,0.31995187885502385,-0.7941852458634804
1.1582033659983546,0.8086779735878081,-0.5619376473651421,-0.339149513634419,-1.236045100379135,-0.7941852458634804
1.1582033659983546,0.8086779735878081,0.14825211233803925,-0.339149513634419,-0.4580466107620556,-0.7941852458634804
1.1582033659983546,0.8086779735878081,0.14825211233803925,-0.339149513634419,-0.4580466107620556,0.5518914420407237
0.21499446945646858,0.8086779735878081,-1.2721274070683235,1.3780632136284618,-1.236045100379135,-0.7941852458634804
1.1582033659983546,0.8086779735878081,1.568631631744402,-1.1977558772658594,1.8759488580891828,-0.7941852458634804
0.6711479550952835,0.8086779735878081,-1.2721274070683235,2.236669577259902,-1.236045100379135,3.244044817849132
-1.6496096768820923,-1.2895135254508292,0.14825211233803925,0.5194568499970215,0.31995187885502385,-0.7941852458634804
-0.9091058892881588,-1.9889106917970416,0.14825211233803925,0.5194568499970215,-1.236045100379135,-0.7941852458634804
-0.8148677616411099,0.8086779735878081,1.568631631744402,-1.1977558772658594,1.0979503684721033,-0.7941852458634804
0.24041991665572296,0.8086779735878081,0.14825211233803925,-0.339149513634419,-0.4580466107620556,-0.7941852458634804
1.1582033659983546,0.8086779735878081,-1.2721274070683235,2.236669577259902,-0.4580466107620556,3.244044817849132
-1.6496096768820923,-1.9889106917970416,-0.5619376473651421,-0.339149513634419,-0.4580466107620556,0.5518914420407237
0.5821507059111218,0.8086779735878081,-1.2721274070683235,-0.339149513634419,-1.236045100379135,-0.7941852458634804
0.528424000184373,0.8086779735878081,1.568631631744402,1.3780632136284618,1.8759488580891828,0.5518914420407237
1.1582033659983546,0.8086779735878081,0.14825211233803925,-1.1977558772658594,-0.4580466107620556,-0.7941852458634804
1.1582033659983546,0.8086779735878081,-1.2721274070683235,-1.1977558772658594,-1.236045100379135,-0.7941852458634804
-0.20581584448950824,0.8086779735878081,-0.5619376473651421,-0.339149513634419,0.31995187885502385,0.5518914420407237
-0.4098661803837351,-0.5901163591046168,0.8584418720412206,-0.339149513634419,-0.4580466107620556,-0.7941852458634804
-0.03352294779375327,0.8086779735878081,0.14825211233803925,0.5194568499970215,0.31995187885502385,0.5518914420407237
-0.3759771309674274,0.8086779735878081,-0.5619376473651421,0.5194568499970215,0.31995187885502385,-0.7941852458634804
-0.6925285539119267,0.1092808072415957,-0.5619376473651421,0.5194568499970215,0.31995187885502385,0.5518914420407237
-1.4074312918953766,-0.5901163591046168,1.568631631744402,0.5194568499970215,1.8759488580891828,0.5518914420407237
0.7861021411763529,0.8086779735878081,-1.2721274070683235,0.5194568499970215,-1.236045100379135,0.5518914420407237
0.181106179329459,0.1092808072415957,0.14825211233803925,0.5194568499970215,-0.4580466107620556,0.5518914420407237
1.1582033659983546,0.8086779735878081,-0.5619376473651421,1.3780632136284618,1.0979503684721033,0.5518914420407237
1.1582033659983546,0.8086779735878081,-1.2721274070683235,-0.339149513634419,-0.4580466107620556,-0.7941852458634804
-1.6496096768820923,-1.9889106917970416,-1.2721274070683235,0.5194568499970215,-1.236045100379135,-0.7941852458634804
-1.2641638514773095,-0.5901163591046168,0.8584418720412206,1.3780632136284618,1.0979503684721033,-0.7941852458634804
-0.36359960106866074,-0.5901163591046168,0.14825211233803925,1.3780632136284618,-1.236045100379135,0.5518914420407237
1.1582033659983546,0.8086779735878081,0.8584418720412206,0.5194568499970215,-0.4580466107620556,0.5518914420407237
0.9868836096395552,0.8086779735878081,-1.2721274070683235,-0.339149513634419,-1.236045100379135,-0.7941852458634804
-1.1318416007225458,-0.5901163591046168,-1.2721274070683235,-1.1977558772658594,-0.4580466107620556,-0.7941852458634804
1.1582033659983546,0.8086779735878081,-0.5619376473651421,-0.339149513634419,-0.4580466107620556,-0.7941852458634804
0.8346910576386277,0.8086779735878081,-1.2721274070683235,-1.1977558772658594,-1.236045100379135,-0.7941852458634804
-1.2161778474888962,-1.2895135254508292,-0.5619376473651421,-0.339149513634419,0.31995187885502385,-0.7941852458634804
0.3111482377488823,0.8086779735878081,-0.5619376473651421,-1.1977558772658594,-0.4580466107620556,-0.7941852458634804
0.6570204077847436,0.8086779735878081,-0.5619376473651421,-1.1977558772658594,-0.4580466107620556,-0.7941852458634804
-1.6496096768820923,-1.9889106917970416,0.14825211233803925,-1.1977558772658594,1.0979503684721033,-0.7941852458634804
1.1582033659983546,0.8086779735878081,-1.2721274070683235,-1.1977558772658594,-1.236045100379135,-0.7941852458634804
1.1582033659983546,0.8086779735878081,-1.2721274070683235,-0.339149513634419,-1.236045100379135,-0.7941852458634804
-1.6496096768820923,-1.2895135254508292,0.8584418720412206,-1.1977558772658594,1.0979503684721033,-0.7941852458634804
1.1582033659983546,0.8086779735878081,0.14825211233803925,2.236669577259902,-0.4580466107620556,3.244044817849132
1.1582033659983546,0.8086779735878081,0.14825211233803925,0.5194568499970215,1.0979503684721033,1.8979681299449278
1.1582033659983546,0.8086779735878081,-0.5619376473651421,-0.339149513634419,0.31995187885502385,-0.7941852458634804
-1.641353017951249,-1.9889106917970416,1.568631631744402,-0.339149513634419,1.8759488580891828,0.5518914420407237
-1.3188117199967968,-1.9889106917970416,0.14825211233803925,0.5194568499970215,0.31995187885502385,0.5518914420407237
1.1582033659983546,0.8086779735878081,1.568631631744402,-1.1977558772658594,1.8759488580891828,-0.7941852458634804
0.502095718521629,0.8086779735878081,0.8584418720412206,-1.1977558772658594,-0.4580466107620556,-0.7941852458634804
1.100185345355897,0.8086779735878081,0.14825211233803925,-1.1977558772658594,-0.4580466107620556,-0.7941852458634804
0.45974324407960426,0.8086779735878081,1.568631631744402,1.3780632136284618,1.0979503684721033,0.5518914420407237
-0.07988445266688864,0.8086779735878081,0.14825211233803925,-0.339149513634419,0.31995187885502385,-0.7941852458634804
-1.6496096768820923,-1.9889106917970416,-1.2721274070683235,-1.1977558772658594,-1.236045100379135,-0.7941852458634804
-0.8745236397635284,-0.5901163591046168,-1.2721274070683235,-0.339149513634419,-1.236045100379135,-0.7941852458634804
-1.6496096768820923,-1.9889106917970416,-1.2721274070683235,-1.1977558772658594,-0.4580466107620556,-0.7941852458634804
-0.16752718795238541,0.1092808072415957,1.568631631744402,2.236669577259902,1.0979503684721033,1.8979681299449278
-1.6496096768820923,-1.2895135254508292,-0.5619376473651421,0.5194568499970215,1.0979503684721033,-0.7941852458634804
0.5521310699145454,0.1092808072415957,1.568631631744402,-1.1977558772658594,1.8759488580891828,-0.7941852458634804
0.24317122625499907,0.1092808072415957,-1.2721274070683235,1.3780632136284618,-1.236045100379135,0.5518914420407237
-1.1986480266312336,-1.9889106917970416,0.14825211233803925,-1.1977558772658594,-0.4580466107620556,-0.7941852458634804
0.3860143010293514,0.8086779735878081,-1.2721274070683235,-0.339149513634419,-0.4580466107620556,-0.7941852458634804
0.9907570293306371,0.8086779735878081,0.8584418720412206,1.3780632136284618,1.8759488580891828,1.8979681299449278
-0.884721705889856,-0.5901163591046168,-0.5619376473651421,2.236669577259902,-0.4580466107620556,0.5518914420407237
1.1067171885718188,0.8086779735878081,-1.2721274070683235,-1.1977558772658594,-1.236045100379135,-0.7941852458634804
-1.032987297281237,-1.2895135254508292,0.14825211233803925,0.5194568499970215,-0.4580466107620556,-0.7941852458634804
0.5509243501423511,0.8086779735878081,0.14825211233803925,-1.1977558772658594,-0.4580466107620556,-0.7941852458634804
0.3946646287768075,0.8086779735878081,1.568631631744402,-1.1977558772658594,0.31995187885502385,-0.7941852458634804
-1.5565491453764722,-1.2895135254508292,-0.5619376473651421,-0.339149513634419,-0.4580466107620556,-0.7941852458634804
-1.0327183437066476,-1.2895135254508292,-1.2721274070683235,-0.339149513634419,0.31995187885502385,-0.7941852458634804
1.1202902064458757,0.8086779735878081,-1.2721274070683235,-1.1977558772658594,-1.236045100379135,1.8979681299449278
0.2983639363369101,0.8086779735878081,0.14825211233803925,1.3780632136284618,0.31995187885502385,0.5518914420407237
0.08338863920654895,0.1092808072415957,1.568631631744402,-1.1977558772658594,2.6539473477062625,0.5518914420407237
0.7992476868525954,0.8086779735878081,0.8584418720412206,0.5194568499970215,0.31995187885502385,0.5518914420407237
0.8032664424849458,0.8086779735878081,-1.2721274070683235,1.3780632136284618,-1.236045100379135,0.5518914420407237
0.8298008006697265,0.8086779735878081,1.568631631744402,1.3780632136284618,0.31995187885502385,-0.7941852458634804
1.1582033659983546,0.8086779735878081,-0.5619376473651421,-0.339149513634419,0.31995187885502385,0.5518914420407237
-1.2618085173221498,-1.9889106917970416,0.14825211233803925,-1.1977558772658594,0.31995187885502385,0.5518914420407237
0.7011464960513679,0.8086779735878081,-0.5619376473651421,2.236669577259902,0.31995187885502385,3.244044817849132
0.9638455765108587,0.8086779735878081,0.14825211233803925,1.3780632136284618,0.31995187885502385,0.5518914420407237
-0.1164510430657181,0.1092808072415957,0.14825211233803925,-0.339149513634419,-1.236045100379135,0.5518914420407237
-0.7543869486169333,-0.5901163591046168,-0.5619376473651421,1.3780632136284618,-0.4580466107620556,3.244044817849132
-0.06299771846101285,0.1092808072415957,0.8584418720412206,-1.1977558772658594,1.0979503684721033,-0.7941852458634804
-0.4626578509695688,-0.5901163591046168,-1.2721274070683235,-1.1977558772658594,0.31995187885502385,-0.7941852458634804
0.0964436306344348,0.8086779735878081,-1.2721274070683235,1.3780632136284618,-1.236045100379135,1.8979681299449278
0.8495367064596618,-0.5901163591046168,-0.5619376473651421,-1.1977558772658594,-1.236045100379135,-0.7941852458634804
1.0959309874723993,0.8086779735878081,0.14825211233803925,-1.1977558772658594,0.31995187885502385,-0.7941852458634804
-0.8119780636183478,-1.2895135254508292,-0.5619376473651421,-0.339149513634419,-0.4580466107620556,-0.7941852458634804
0.877265975906054,0.8086779735878081,0.8584418720412206,-0.339149513634419,0.31995187885502385,1.8979681299449278
-1.2357743879972025,-1.2895135254508292,0.14825211233803925,-1.1977558772658594,0.31995187885502385,-0.7941852458634804
1.1582033659983546,0.8086779735878081,1.568631631744402,-1.1977558772658594,0.31995187885502385,-0.7941852458634804
0.8889085684857807,0.8086779735878081,-1.2721274070683235,0.5194568499970215,-0.4580466107620556,0.5518914420407237
0.5041085717369926,0.8086779735878081,0.8584418720412206,-1.1977558772658594,0.31995187885502385,-0.7941852458634804
-1.6496096768820923,-1.9889106917970416,0.8584418720412206,0.5194568499970215,-0.4580466107620556,-0.7941852458634804
1.1582033659983546,0.8086779735878081,1.568631631744402,-1.1977558772658594,1.0979503684721033,0.5518914420407237
0.577955452838834,0.1092808072415957,-1.2721274070683235,-1.1977558772658594,0.31995187885502385,0.5518914420407237
1.122948580657461,0.8086779735878081,0.14825211233803925,-1.1977558772658594,1.0979503684721033,-0.7941852458634804
-0.7860482077191618,-0.5901163591046168,-0.5619376473651421,1.3780632136284618,-0.4580466107620556,-0.7941852458634804
1.1582033659983546,0.8086779735878081,-0.5619376473651421,1.3780632136284618,-1.236045100379135,0.5518914420407237
-1.6496096768820923,-1.9889106917970416,0.8584418720412206,-1.1977558772658594,1.8759488580891828,0.5518914420407237
-0.46754235952006573,-0.5901163591046168,-1.2721274070683235,-1.1977558772658594,-0.4580466107620556,0.5518914420407237
1.1582033659983546,0.8086779735878081,-0.5619376473651421,-1.1977558772658594,1.0979503684721033,-0.7941852458634804
0.17553727022392934,-0.5901163591046168,-1.2721274070683235,1.3780632136284618,-0.4580466107620556,-0.7941852458634804
1.1582033659983546,0.8086779735878081,0.14825211233803925,0.5194568499970215,1.0979503684721033,1.8979681299449278
1.1582033659983546,0.8086779735878081,0.8584418720412206,-1.1977558772658594,-0.4580466107620556,-0.7941852458634804
1.1582033659983546,0.8086779735878081,-1.2721274070683235,2.236669577259902,-1.236045100379135,1.8979681299449278
0.8498933498753092,0.8086779735878081,0.14825211233803925,0.5194568499970215,-0.4580466107620556,0.5518914420407237
0.2611723128462738,0.1092808072415957,0.14825211233803925,0.5194568499970215,0.31995187885502385,-0.7941852458634804
1.1582033659983546,0.8086779735878081,-0.5619376473651421,1.3780632136284618,-0.4580466107620556,3.244044817849132
-0.5083241171807332,-0.5901163591046168,-1.2721274070683235,0.5194568499970215,-1.236045100379135,0.5518914420407237
0.4930580674631142,0.8086779735878081,0.14825211233803925,0.5194568499970215,-0.4580466107620556,-0.7941852458634804
0.8476716496294973,0.8086779735878081,-0.5619376473651421,-0.339149513634419,-0.4580466107620556,-0.7941852458634804
0.6465336182953578,0.8086779735878081,0.14825211233803925,0.5194568499970215,0.31995187885502385,-0.7941852458634804
1.1582033659983546,0.8086779735878081,0.8584418720412206,0.5194568499970215,1.0979503684721033,0.5518914420407237
-0.40780610881701357,0.1092808072415957,1.568631631744402,-1.1977558772658594,2.6539473477062625,-0.7941852458634804
0.8913027909644128,0.8086779735878081,1.568631631744402,-0.339149513634419,1.0979503684721033,-0.7941852458634804
1.1582033659983546,0.8086779735878081,0.14825211233803925,0.5194568499970215,0.31995187885502385,-0.7941852458634804
-1.6496096768820923,-1.9889106917970416,0.8584418720412206,-0.339149513634419,1.0979503684721033,-0.7941852458634804
0.6411733377473556,0.8086779735878081,-0.5619376473651421,0.5194568499970215,0.31995187885502385,0.5518914420407237
-0.08975299017908428,0.8086779735878081,1.568631631744402,-1.1977558772658594,1.0979503684721033,-0.7941852458634804
0.896659494021724,0.8086779735878081,-0.5619376473651421,-1.1977558772658594,-0.4580466107620556,-0.7941852458634804
1.1582033659983546,0.8086779735878081,-1.2721274070683235,-1.1977558772658594,-1.236045100379135,0.5518914420407237
-0.029130639663333284,0.8086779735878081,-0.5619376473651421,-1.1977558772658594,-0.4580466107620556,-0.7941852458634804
-0.21535550162867448,0.1092808072415957,1.568631631744402,-1.1977558772658594,1.8759488580891828,-0.7941852458634804
1.1582033659983546,0.8086779735878081,1.568631631744402,-1.1977558772658594,1.8759488580891828,0.5518914420407237
-0.16482887210343142,-0.5901163591046168,0.14825211233803925,0.5194568499970215,0.31995187885502385,-0.7941852458634804
1.1582033659983546,0.8086779735878081,0.8584418720412206,-0.339149513634419,1.0979503684721033,0.5518914420407237
0.42110414238266813,0.1092808072415957,-1.2721274070683235,-1.1977558772658594,-0.4580466107620556,0.5518914420407237
0.5662229963621654,0.8086779735878081,-0.5619376473651421,0.5194568499970215,-0.4580466107620556,0.5518914420407237
-1.3836692690802666,-1.2895135254508292,1.568631631744402,0.5194568499970215,-0.4580466107620556,-0.7941852458634804
1.1582033659983546,0.8086779735878081,0.14825211233803925,1.3780632136284618,-0.4580466107620556,-0.7941852458634804
0.25991519610212094,0.1092808072415957,-1.2721274070683235,-0.339149513634419,-1.236045100379135,-0.7941852458634804
-0.9447145170315171,0.1092808072415957,0.14825211233803925,2.236669577259902,1.0979503684721033,3.244044817849132
1.1582033659983546,0.8086779735878081,0.8584418720412206,-1.1977558772658594,-0.4580466107620556,-0.7941852458634804
0.19382666245680963,0.8086779735878081,0.14825211233803925,1.3780632136284618,-1.236045100379135,-0.7941852458634804
-0.41717302379685706,-1.2895135254508292,0.8584418720412206,-1.1977558772658594,0.31995187885502385,0.5518914420407237
-0.3900497188894388,0.1092808072415957,0.14825211233803925,-0.339149513634419,-0.4580466107620556,0.5518914420407237
0.15299080158990014,0.8086779735878081,0.14825211233803925,1.3780632136284618,0.31995187885502385,1.8979681299449278
-1.6496096768820923,-1.9889106917970416,0.14825211233803925,-0.339149513634419,-0.4580466107620556,1.8979681299449278
-1.6496096768820923,-1.9889106917970416,-0.5619376473651421,-0.339149513634419,0.31995187885502385,0.5518914420407237
1.1582033659983546,0.8086779735878081,-1.2721274070683235,-0.339149513634419,-1.236045100379135,0.5518914420407237
-1.0527022017203944,-1.2895135254508292,-0.5619376473651421,-0.339149513634419,0.31995187885502385,0.5518914420407237
-1.247750646187541,-1.9889106917970416,0.14825211233803925,1.3780632136284618,-0.4580466107620556,0.5518914420407237
-0.3430437467695965,-0.5901163591046168,-0.5619376473651421,-0.339149513634419,0.31995187885502385,-0.7941852458634804
-0.10260676943122263,0.8086779735878081,0.8584418720412206,-1.1977558772658594,1.0979503684721033,-0.7941852458634804
-1.6496096768820923,-1.9889106917970416,-0.5619376473651421,-1.1977558772658594,-0.4580466107620556,0.5518914420407237
1.1582033659983546,0.8086779735878081,0.8584418720412206,-0.339149513634419,0.31995187885502385,-0.7941852458634804
0.5652077253337413,0.8086779735878081,-0.5619376473651421,1.3780632136284618,-0.4580466107620556,0.5518914420407237
-1.357007405133699,-1.2895135254508292,1.568631631744402,-1.1977558772658594,1.0979503684721033,0.5518914420407237
1.1582033659983546,0.8086779735878081,0.14825211233803925,0.5194568499970215,-0.4580466107620556,0.5518914420407237
1.1582033659983546,0.8086779735878081,-1.2721274070683235,-0.339149513634419,-0.4580466107620556,-0.7941852458634804
-1.003936683179842,-1.2895135254508292,0.14825211233803925,1.3780632136284618,-0.4580466107620556,0.5518914420407237
-1.6486283330870244,-1.9889106917970416,-0.5619376473651421,-0.339149513634419,-0.4580466107620556,0.5518914420407237
1.1582033659983546,0.8086779735878081,-0.5619376473651421,-1.1977558772658594,-0.4580466107620556,-0.7941852458634804
-1.3347437551858636,-1.2895135254508292,-1.2721274070683235,-1.1977558772658594,-1.236045100379135,-0.7941852458634804
-1.081640610043278,-1.2895135254508292,0.14825211233803925,1.3780632136284618,0.31995187885502385,0.5518914420407237
1.1582033659983546,0.8086779735878081,0.14825211233803925,0.5194568499970215,0.31995187885502385,-0.7941852458634804
1.1582033659983546,0.8086779735878081,0.14825211233803925,-0.339149513634419,1.0979503684721033,-0.7941852458634804
1.1582033659983546,0.8086779735878081,-1.2721274070683235,1.3780632136284618,-1.236045100379135,0.5518914420407237
0.5802319026371355,0.8086779735878081,-0.5619376473651421,-1.1977558772658594,-0.4580466107620556,0.5518914420407237
0.6780078545765702,0.8086779735878081,0.14825211233803925,1.3780632136284618,0.31995187885502385,0.5518914420407237
0.5439200396643918,0.8086779735878081,-0.5619376473651421,0.5194568499970215,-1.236045100379135,1.8979681299449278
1.0245363626652917,0.8086779735878081,0.14825211233803925,2.236669577259902,0.31995187885502385,0.5518914420407237
-0.12667124442517128,0.1092808072415957,-0.5619376473651421,0.5194568499970215,-0.4580466107620556,1.8979681299449278
1.1582033659983546,0.1092808072415957,1.568631631744402,-1.1977558772658594,1.0979503684721033,-0.7941852458634804
0.9292079150524354,0.8086779735878081,0.8584418720412206,-0.339149513634419,-0.4580466107620556,-0.7941852458634804
1.1582033659983546,0.8086779735878081,1.568631631744402,-0.339149513634419,1.8759488580891828,-0.7941852458634804
-1.0932848549190322,-1.9889106917970416,0.14825211233803925,-1.1977558772658594,-1.236045100379135,-0.7941852458634804
-0.5407365620487018,-1.2895135254508292,0.8584418720412206,-0.339149513634419,0.31995187885502385,-0.7941852458634804
0.4010396752484171,0.8086779735878081,0.8584418720412206,-0.339149513634419,-0.4580466107620556,-0.7941852458634804
0.8256898154896275,0.8086779735878081,0.14825211233803925,0.5194568499970215,-0.4580466107620556,0.5518914420407237
-1.6496096768820923,-1.2895135254508292,1.568631631744402,-1.1977558772658594,3.4319458373233416,-0.7941852458634804
-0.8687791956009419,-0.5901163591046168,1.568631631744402,0.5194568499970215,0.31995187885502385,0.5518914420407237
0.4767819086468956,0.8086779735878081,-1.2721274070683235,0.5194568499970215,-0.4580466107620556,-0.7941852458634804
-1.2028428191624578,-1.9889106917970416,0.14825211233803925,-1.1977558772658594,0.31995187885502385,-0.7941852458634804
-1.6496096768820923,-1.9889106917970416,1.568631631744402,0.5194568499970215,2.6539473477062625,1.8979681299449278
-1.3969207885413975,-1.9889106917970416,0.14825211233803925,0.5194568499970215,-0.4580466107620556,0.5518914420407237
1.1582033659983546,0.8086779735878081,1.568631631744402,-0.339149513634419,1.0979503684721033,0.5518914420407237
-0.4303464026074226,-0.5901163591046168,-0.5619376473651421,-1.1977558772658594,-0.4580466107620556,0.5518914420407237
1.1582033659983546,0.8086779735878081,-0.5619376473651421,0.5194568499970215,-0.4580466107620556,-0.7941852458634804
1.1582033659983546,0.8086779735878081,-1.2721274070683235,-1.1977558772658594,-1.236045100379135,-0.7941852458634804
-1.3670579289676736,-1.2895135254508292,1.568631631744402,-0.339149513634419,1.0979503684721033,0.5518914420407237
-0.4475834527053676,0.1092808072415957,1.568631631744402,2.236669577259902,1.0979503684721033,1.8979681299449278
-0.6426141374171713,-0.5901163591046168,1.568631631744402,0.5194568499970215,0.31995187885502385,0.5518914420407237
-1.448788484565059,-0.5901163591046168,-0.5619376473651421,1.3780632136284618,-0.4580466107620556,3.244044817849132
1.1582033659983546,0.8086779735878081,-0.5619376473651421,-0.339149513634419,-0.4580466107620556,0.5518914420407237
-0.3914320064401426,0.1092808072415957,0.14825211233803925,1.3780632136284618,0.31995187885502385,1.8979681299449278
0.38330621640694523,0.8086779735878081,-1.2721274070683235,-0.339149513634419,-1.236045100379135,0.5518914420407237
-1.596800823028392,-1.2895135254508292,-0.5619376473651421,-0.339149513634419,-1.236045100379135,-0.7941852458634804
1.1582033659983546,0.8086779735878081,1.568631631744402,-0.339149513634419,0.31995187885502385,-0.7941852458634804
0.10752912925240735,0.1092808072415957,-0.5619376473651421,2.236669577259902,0.31995187885502385,3.244044817849132
1.1582033659983546,0.8086779735878081,0.14825211233803925,0.5194568499970215,0.31995187885502385,1.8979681299449278
-1.538925809220838,-1.9889106917970416,-1.2721274070683235,1.3780632136284618,-1.236045100379135,-0.7941852458634804
-1.013072852325017,-1.2895135254508292,-0.5619376473651421,-0.339149513634419,-1.236045100379135,-0.7941852458634804
-0.08132350388960274,-0.5901163591046168,-0.5619376473651421,1.3780632136284618,-0.4580466107620556,1.8979681299449278
0.5423138639692353,0.8086779735878081,-1.2721274070683235,-0.339149513634419,0.31995187885502385,-0.7941852458634804
-0.9266205458138846,-0.5901163591046168,-0.5619376473651421,-0.339149513634419,-1.236045100379135,0.5518914420407237
0.7263604987257932,0.8086779735878081,-0.5619376473651421,-1.1977558772658594,-0.4580466107620556,-0.7941852458634804
-1.6496096768820923,-1.2895135254508292,-0.5619376473651421,2.236669577259902,-0.4580466107620556,0.5518914420407237
-1.03557219790813,-1.2895135254508292,1.568631631744402,-0.339149513634419,1.0979503684721033,0.5518914420407237
-1.0906879204776232,-0.5901163591046168,-0.5619376473651421,0.5194568499970215,-1.236045100379135,0.5518914420407237
1.1582033659983546,0.8086779735878081,-0.5619376473651421,-0.339149513634419,-1.236045100379135,0.5518914420407237
-1.081016275399352,-1.2895135254508292,-1.2721274070683235,-1.1977558772658594,0.31995187885502385,-0.7941852458634804
-1.6496096768820923,-1.9889106917970416,0.14825211233803925,0.5194568499970215,-0.4580466107620556,0.5518914420407237
-1.6496096768820923,-1.9889106917970416,-1.2721274070683235,1.3780632136284618,0.31995187885502385,1.8979681299449278
1.1582033659983546,0.8086779735878081,1.568631631744402,0.5194568499970215,3.4319458373233416,-0.7941852458634804
0.3012223048690731,0.8086779735878081,-0.5619376473651421,2.236669577259902,-1.236045100379135,3.244044817849132
0.5586613707755117,0.8086779735878081,-1.2721274070683235,1.3780632136284618,-0.4580466107620556,0.5518914420407237
0.7109568176113518,0.1092808072415957,1.568631631744402,0.5194568499970215,1.0979503684721033,1.8979681299449278
-0.1945877695107646,-0.5901163591046168,0.8584418720412206,-0.339149513634419,0.31995187885502385,-0.7941852458634804
0.4770479841324894,0.8086779735878081,-0.5619376473651421,-0.339149513634419,-0.4580466107620556,-0.7941852458634804
1.1582033659983546,0.8086779735878081,-0.5619376473651421,-1.1977558772658594,-1.236045100379135,-0.7941852458634804
0.7598375971251679,0.8086779735878081,-1.2721274070683235,-0.339149513634419,-1.236045100379135,0.5518914420407237
1.1582033659983546,0.8086779735878081,1.568631631744402,-1.1977558772658594,1.0979503684721033,-0.7941852458634804
0.8790536686033456,0.8086779735878081,0.8584418720412206,-0.339149513634419,1.0979503684721033,-0.7941852458634804
0.9621024196063892,0.8086779735878081,-1.2721274070683235,1.3780632136284618,-1.236045100379135,1.8979681299449278
-0.4936747217382137,0.1092808072415957,0.8584418720412206,0.5194568499970215,0.31995187885502385,-0.7941852458634804
1.1582033659983546,0.8086779735878081,0.14825211233803925,1.3780632136284618,-1.236045100379135,1.8979681299449278
-0.26120270233257753,-0.5901163591046168,1.568631631744402,-0.339149513634419,1.8759488580891828,-0.7941852458634804
0.9123619030537622,0.8086779735878081,0.14825211233803925,0.5194568499970215,-1.236045100379135,-0.7941852458634804
1.1582033659983546,0.8086779735878081,-1.2721274070683235,-1.1977558772658594,0.31995187885502385,-0.7941852458634804
0.5114302643584235,0.1092808072415957,0.14825211233803925,-0.339149513634419,-0.4580466107620556,0.5518914420407237
-1.394527920948187,-1.9889106917970416,-1.2721274070683235,-1.1977558772658594,-1.236045100379135,-0.7941852458634804
-1.6496096768820923,-1.9889106917970416,-1.2721274070683235,-0.339149513634419,-0.4580466107620556,0.5518914420407237
-0.15934527553052333,0.1092808072415957,-1.2721274070683235,-0.339149513634419,-1.236045100379135,0.5518914420407237
1.1582033659983546,0.8086779735878081,1.568631631744402,-1.1977558772658594,2.6539473477062625,-0.7941852458634804
0.9445459490127522,0.8086779735878081,0.8584418720412206,0.5194568499970215,0.31995187885502385,-0.7941852458634804
1.1582033659983546,0.8086779735878081,1.568631631744402,0.5194568499970215,0.31995187885502385,0.5518914420407237
1.1582033659983546,0.8086779735878081,0.14825211233803925,-0.339149513634419,-0.4580466107620556,-0.7941852458634804
-1.6496096768820923,-1.9889106917970416,-1.2721274070683235,-1.1977558772658594,-0.4580466107620556,-0.7941852458634804
-0.9813743413784494,-0.5901163591046168,1.568631631744402,-0.339149513634419,1.8759488580891828,0.5518914420407237
1.1076595661177562,0.8086779735878081,1.568631631744402,0.5194568499970215,1.0979503684721033,0.5518914420407237
-0.2125205237075733,0.8086779735878081,-1.2721274070683235,0.5194568499970215,-1.236045100379135,0.5518914420407237
-0.3328020996619109,0.1092808072415957,-0.5619376473651421,1.3780632136284618,-0.4580466107620556,0.5518914420407237
-1.6496096768820923,-1.2895135254508292,-0.5619376473651421,1.3780632136284618,0.31995187885502385,0.5518914420407237
-1.045525066447482,-0.5901163591046168,0.14825211233803925,-1.1977558772658594,-1.236045100379135,-0.7941852458634804
-1.6496096768820923,-1.9889106917970416,-1.2721274070683235,0.5194568499970215,-0.4580466107620556,-0.7941852458634804
-0.24849679417680873,-0.5901163591046168,0.8584418720412206,-1.1977558772658594,0.31995187885502385,-0.7941852458634804
0.4133458635610129,0.1092808072415957,-1.2721274070683235,1.3780632136284618,-1.236045100379135,-0.7941852458634804
-1.640203922056182,-1.9889106917970416,-1.2721274070683235,-0.339149513634419,-1.236045100379135,0.5518914420407237
-0.30747565374395225,-0.5901163591046168,-1.2721274070683235,-0.339149513634419,-1.236045100379135,-0.7941852458634804
-1.6496096768820923,-1.9889106917970416,0.14825211233803925,-0.339149513634419,0.31995187885502385,0.5518914420407237
0.5744795436345285,0.8086779735878081,-0.5619376473651421,-0.339149513634419,0.31995187885502385,-0.7941852458634804
1.1582033659983546,0.8086779735878081,0.14825211233803925,0.5194568499970215,0.31995187885502385,-0.7941852458634804
-1.6496096768820923,-1.9889106917970416,0.8584418720412206,1.3780632136284618,-0.4580466107620556,3.244044817849132
0.7971810663866498,0.8086779735878081,1.568631631744402,2.236669577259902,1.8759488580891828,0.5518914420407237
0.38283012964849983,0.8086779735878081,1.568631631744402,-0.339149513634419,0.31995187885502385,-0.7941852458634804
-1.6496096768820923,-1.9889106917970416,-0.5619376473651421,0.5194568499970215,0.31995187885502385,-0.7941852458634804
1.1582033659983546,0.8086779735878081,-1.2721274070683235,0.5194568499970215,-0.4580466107620556,0.5518914420407237
-0.22965964105180398,0.1092808072415957,-1.2721274070683235,-0.339149513634419,-0.4580466107620556,-0.7941852458634804
-1.1270212950677674,-1.2895135254508292,0.14825211233803925,-1.1977558772658594,0.31995187885502385,-0.7941852458634804
-1.0830808964494512,-0.5901163591046168,1.568631631744402,-1.1977558772658594,1.0979503684721033,-0.7941852458634804
1.1582033659983546,0.8086779735878081,-1.2721274070683235,1.3780632136284618,0.31995187885502385,0.5518914420407237
0.10347543230328668,-0.5901163591046168,-0.5619376473651421,-0.339149513634419,-1.236045100379135,0.5518914420407237
0.05666183922423408,0.1092808072415957,0.14825211233803925,0.5194568499970215,1.0979503684721033,0.5518914420407237
-0.7447154508080163,-1.2895135254508292,-0.5619376473651421,-1.1977558772658594,-0.4580466107620556,-0.7941852458634804
0.18709592973204964,0.1092808072415957,-1.2721274070683235,-1.1977558772658594,-1.236045100379135,-0.7941852458634804
-1.6496096768820923,-1.2895135254508292,1.568631631744402,1.3780632136284618,1.0979503684721033,0.5518914420407237
-0.26547111410639074,0.1092808072415957,-0.5619376473651421,-1.1977558772658594,-0.4580466107620556,-0.7941852458634804
-0.22843549485220735,-0.5901163591046168,0.8584418720412206,0.5194568499970215,0.31995187885502385,-0.7941852458634804
-0.7748212089165077,-0.5901163591046168,0.14825211233803925,1.3780632136284618,0.31995187885502385,1.8979681299449278
1.057704923099999,0.8086779735878081,-1.2721274070683235,-0.339149513634419,-1.236045100379135,-0.7941852458634804
1.1582033659983546,0.8086779735878081,1.568631631744402,-0.339149513634419,1.8759488580891828,-0.7941852458634804
-1.1066026484929823,-1.2895135254508292,-1.2721274070683235,-0.339149513634419,0.31995187885502385,0.5518914420407237
-1.6496096768820923,-1.2895135254508292,-1.2721274070683235,-0.339149513634419,-0.4580466107620556,0.5518914420407237
1.0501932330431372,0.8086779735878081,-1.2721274070683235,0.5194568499970215,-1.236045100379135,-0.7941852458634804
1.1582033659983546,0.8086779735878081,-1.2721274070683235,-0.339149513634419,-0.4580466107620556,0.5518914420407237
-0.15071021033106557,0.8086779735878081,0.8584418720412206,2.236669577259902,-0.4580466107620556,0.5518914420407237
1.1582033659983546,0.8086779735878081,-1.2721274070683235,0.5194568499970215,-1.236045100379135,0.5518914420407237
1.1069089179087337,0.8086779735878081,1.568631631744402,-1.1977558772658594,1.0979503684721033,-0.7941852458634804
1.1582033659983546,0.8086779735878081,0.14825211233803925,0.5194568499970215,0.31995187885502385,-0.7941852458634804
0.6242356749518386,0.8086779735878081,-0.5619376473651421,-0.339149513634419,-1.236045100379135,-0.7941852458634804
0.05300452832639551,0.8086779735878081,1.568631631744402,-1.1977558772658594,1.0979503684721033,-0.7941852458634804
-0.8286566299891417,-1.2895135254508292,-0.5619376473651421,-0.339149513634419,-1.236045100379135,0.5518914420407237
-1.1898880521406034,-0.5901163591046168,-1.2721274070683235,0.5194568499970215,-1.236045100379135,0.5518914420407237
0.49410179610300514,0.1092808072415957,0.14825211233803925,-1.1977558772658594,0.31995187885502385,0.5518914420407237
-1.6496096768820923,-1.9889106917970416,1.568631631744402,1.3780632136284618,1.8759488580891828,-0.7941852458634804
-1.6496096768820923,-0.5901163591046168,-0.5619376473651421,0.5194568499970215,1.0979503684721033,-0.7941852458634804
-1.6496096768820923,-1.9889106917970416,0.14825211233803925,-0.339149513634419,0.31995187885502385,-0.7941852458634804
-0.5002947242280497,0.1092808072415957,0.14825211233803925,-0.339149513634419,0.31995187885502385,0.5518914420407237
0.3367828690529767,0.8086779735878081,0.14825211233803925,-0.339149513634419,-0.4580466107620556,0.5518914420407237
-0.8392789491731432,-1.9889106917970416,0.14825211233803925,-1.1977558772658594,0.31995187885502385,-0.7941852458634804
0.5296077262987477,0.8086779735878081,1.568631631744402,-1.1977558772658594,2.6539473477062625,-0.7941852458634804
1.1582033659983546,0.8086779735878081,-0.5619376473651421,2.236669577259902,-0.4580466107620556,1.8979681299449278
0.29535557275521335,0.8086779735878081,0.14825211233803925,0.5194568499970215,0.31995187885502385,-0.7941852458634804
-0.2630698429033068,-0.5901163591046168,0.14825211233803925,-1.1977558772658594,0.31995187885502385,-0.7941852458634804
1.1582033659983546,0.8086779735878081,-0.5619376473651421,2.236669577259902,-1.236045100379135,1.8979681299449278
0.41401747388545596,0.8086779735878081,-0.5619376473651421,0.5194568499970215,1.0979503684721033,0.5518914420407237
0.21967455658136947,0.8086779735878081,-1.2721274070683235,0.5194568499970215,-0.4580466107620556,0.5518914420407237
-0.7763109552230659,-0.5901163591046168,0.14825211233803925,-1.1977558772658594,1.0979503684721033,0.5518914420407237
-0.9938976308057283,-0.5901163591046168,1.568631631744402,-0.339149513634419,1.8759488580891828,1.8979681299449278
-0.6727736327426541,-0.5901163591046168,1.568631631744402,1.3780632136284618,1.0979503684721033,0.5518914420407237
0.3315344349829202,0.1092808072415957,-0.5619376473651421,-1.1977558772658594,-0.4580466107620556,-0.7941852458634804
1.1582033659983546,0.1092808072415957,-1.2721274070683235,-0.339149513634419,0.31995187885502385,-0.7941852458634804
-1.6496096768820923,-1.9889106917970416,-1.2721274070683235,-1.1977558772658594,-1.236045100379135,-0.7941852458634804
0.1350311355820857,0.8086779735878081,0.8584418720412206,-0.339149513634419,1.0979503684721033,0.5518914420407237
-0.39260079465328274,0.1092808072415957,-0.5619376473651421,0.5194568499970215,-0.4580466107620556,0.5518914420407237
-0.8333620582464881,-0.5901163591046168,-0.5619376473651421,-1.1977558772658594,-0.4580466107620556,-0.7941852458634804
-0.7713272196421654,0.8086779735878081,-1.2721274070683235,-0.339149513634419,-1.236045100379135,-0.7941852458634804
-0.5837866428621055,0.1092808072415957,0.8584418720412206,-0.339149513634419,-0.4580466107620556,-0.7941852458634804
1.0959328661577945,0.8086779735878081,-1.2721274070683235,1.3780632136284618,-1.236045100379135,-0.7941852458634804
-0.06574066806266668,0.8086779735878081,0.8584418720412206,-1.1977558772658594,0.31995187885502385,-0.7941852458634804
0.09269057629180974,0.1092808072415957,0.8584418720412206,-0.339149513634419,0.31995187885502385,-0.7941852458634804
0.7791865272021395,0.8086779735878081,0.14825211233803925,1.3780632136284618,-0.4580466107620556,1.8979681299449278
1.1582033659983546,0.8086779735878081,-0.5619376473651421,-0.339149513634419,-1.236045100379135,-0.7941852458634804
-0.5527232950823302,-0.5901163591046168,1.568631631744402,-1.1977558772658594,1.0979503684721033,-0.7941852458634804
-0.2629637184042549,0.1092808072415957,-0.5619376473651421,2.236669577259902,-0.4580466107620556,1.8979681299449278
-0.7686113679995615,-1.2895135254508292,-1.2721274070683235,-0.339149513634419,-1.236045100379135,-0.7941852458634804
-0.6639810180480954,0.8086779735878081,-1.2721274070683235,-0.339149513634419,-1.236045100379135,0.5518914420407237
-1.5043074213880996,-1.9889106917970416,-1.2721274070683235,-0.339149513634419,-1.236045100379135,-0.7941852458634804
-1.2988598584254352,-1.2895135254508292,-0.5619376473651421,2.236669577259902,0.31995187885502385,0.5518914420407237
0.486240140394557,0.8086779735878081,1.568631631744402,-0.339149513634419,1.0979503684721033,-0.7941852458634804
-0.7163723850299157,-0.5901163591046168,-1.2721274070683235,1.3780632136284618,-1.236045100379135,1.8979681299449278
1.1582033659983546,0.8086779735878081,-1.2721274070683235,1.3780632136284618,-1.236045100379135,0.5518914420407237
-0.663685942963569,0.1092808072415957,-1.2721274070683235,-0.339149513634419,-1.236045100379135,0.5518914420407237
0.9879752081465083,0.8086779735878081,0.8584418720412206,2.236669577259902,-0.4580466107620556,1.8979681299449278
-0.6058975265202466,-0.5901163591046168,1.568631631744402,2.236669577259902,1.8759488580891828,3.244044817849132
-1.6496096768820923,-1.2895135254508292,-0.5619376473651421,0.5194568499970215,0.31995187885502385,1.8979681299449278
-1.6496096768820923,-1.9889106917970416,-1.2721274070683235,-0.339149513634419,-1.236045100379135,0.5518914420407237
0.2793852131978085,0.8086779735878081,1.568631631744402,-1.1977558772658594,0.31995187885502385,-0.7941852458634804
-0.7440724469201808,0.8086779735878081,0.14825211233803925,-1.1977558772658594,0.31995187885502385,-0.7941852458634804
0.030398666154920324,0.1092808072415957,0.14825211233803925,0.5194568499970215,-0.4580466107620556,0.5518914420407237
1.1582033659983546,0.8086779735878081,0.14825211233803925,-1.1977558772658594,-1.236045100379135,-0.7941852458634804
-0.2591274401668515,0.8086779735878081,-0.5619376473651421,0.5194568499970215,1.0979503684721033,0.5518914420407237
-0.0365958445913377,0.8086779735878081,-1.2721274070683235,-1.1977558772658594,-0.4580466107620556,-0.7941852458634804
0.621025611016806,0.8086779735878081,-0.5619376473651421,0.5194568499970215,-1.236045100379135,-0.7941852458634804
-0.53239535093669,-0.5901163591046168,-1.2721274070683235,1.3780632136284618,-1.236045100379135,0.5518914420407237
-0.4465520946495912,-0.5901163591046168,1.568631631744402,-0.339149513634419,1.0979503684721033,0.5518914420407237
-1.369955425715453,-0.5901163591046168,-1.2721274070683235,-0.339149513634419,-0.4580466107620556,-0.7941852458634804
-0.15298182059602675,0.1092808072415957,-0.5619376473651421,-0.339149513634419,-0.4580466107620556,-0.7941852458634804
0.19068959697017443,0.1092808072415957,0.14825211233803925,0.5194568499970215,0.31995187885502385,-0.7941852458634804
-0.7872452273080931,0.1092808072415957,0.8584418720412206,-1.1977558772658594,0.31995187885502385,-0.7941852458634804
1.033951809486748,0.8086779735878081,-0.5619376473651421,-0.339149513634419,-0.4580466107620556,-0.7941852458634804
-1.0032451854362894,-1.2895135254508292,-0.5619376473651421,-0.339149513634419,-0.4580466107620556,0.5518914420407237
1.0348624279889818,0.8086779735878081,1.568631631744402,0.5194568499970215,0.31995187885502385,0.5518914420407237
1.1582033659983546,0.8086779735878081,1.568631631744402,-0.339149513634419,1.0979503684721033,-0.7941852458634804
-1.3702656946053446,-1.2895135254508292,-1.2721274070683235,-0.339149513634419,-0.4580466107620556,0.5518914420407237
-1.6496096768820923,-1.2895135254508292,-0.5619376473651421,-0.339149513634419,-0.4580466107620556,0.5518914420407237
-1.6496096768820923,-1.9889106917970416,1.568631631744402,0.5194568499970215,0.31995187885502385,-0.7941852458634804
0.5484781918518987,0.1092808072415957,0.14825211233803925,1.3780632136284618,0.31995187885502385,0.5518914420407237
-1.0570103904503825,-0.5901163591046168,1.568631631744402,-0.339149513634419,0.31995187885502385,-0.7941852458634804
-1.2742581711482757,-1.2895135254508292,-1.2721274070683235,0.5194568499970215,-1.236045100379135,0.5518914420407237
-1.1434102867069182,-0.5901163591046168,1.568631631744402,2.236669577259902,1.8759488580891828,3.244044817849132
-1.4474773949322735,-1.2895135254508292,0.8584418720412206,-0.339149513634419,0.31995187885502385,-0.7941852458634804
1.1582033659983546,0.8086779735878081,-0.5619376473651421,0.5194568499970215,-0.4580466107620556,0.5518914420407237
1.1267482053895368,0.8086779735878081,0.8584418720412206,-1.1977558772658594,0.31995187885502385,-0.7941852458634804
-0.6356276160957551,-0.5901163591046168,1.568631631744402,-0.339149513634419,0.31995187885502385,-0.7941852458634804
-1.6496096768820923,-1.2895135254508292,0.14825211233803925,-1.1977558772658594,-0.4580466107620556,-0.7941852458634804
-1.1007202047839073,-1.2895135254508292,-1.2721274070683235,-1.1977558772658594,-1.236045100379135,-0.7941852458634804
-0.06551532320197065,0.1092808072415957,1.568631631744402,-0.339149513634419,0.31995187885502385,1.8979681299449278
-0.7184789577548742,-1.2895135254508292,0.14825211233803925,-0.339149513634419,-0.4580466107620556,-0.7941852458634804
0.0038257400785284335,0.1092808072415957,0.8584418720412206,-1.1977558772658594,1.8759488580891828,-0.7941852458634804
-0.05622440902699268,0.1092808072415957,0.14825211233803925,-1.1977558772658594,-1.236045100379135,0.5518914420407237
1.1582033659983546,0.8086779735878081,0.14825211233803925,-0.339149513634419,-0.4580466107620556,0.5518914420407237
1.1289431695392225,0.8086779735878081,0.14825211233803925,-0.339149513634419,0.31995187885502385,0.5518914420407237
-0.9161618208392517,-1.2895135254508292,-1.2721274070683235,0.5194568499970215,-1.236045100379135,0.5518914420407237
1.1582033659983546,0.8086779735878081,-1.2721274070683235,-0.339149513634419,-0.4580466107620556,0.5518914420407237
-0.8267544517584394,-1.2895135254508292,0.8584418720412206,2.236669577259902,-0.4580466107620556,1.8979681299449278
-1.6496096768820923,-1.2895135254508292,1.568631631744402,0.5194568499970215,0.31995187885502385,0.5518914420407237
-1.6496096768820923,-1.2895135254508292,-0.5619376473651421,-1.1977558772658594,-0.4580466107620556,-0.7941852458634804
-1.6496096768820923,-1.2895135254508292,-1.2721274070683235,-0.339149513634419,0.31995187885502385,-0.7941852458634804
-1.0593546613760612,-0.5901163591046168,-0.5619376473651421,0.5194568499970215,0.31995187885502385,-0.7941852458634804
0.1822910555331452,0.8086779735878081,-1.2721274070683235,1.3780632136284618,-1.236045100379135,0.5518914420407237
1.1582033659983546,0.8086779735878081,0.8584418720412206,-1.1977558772658594,2.6539473477062625,-0.7941852458634804
-1.1711393578131901,-1.2895135254508292,1.568631631744402,-1.1977558772658594,1.0979503684721033,-0.7941852458634804
-1.6496096768820923,-1.9889106917970416,0.8584418720412206,0.5194568499970215,-0.4580466107620556,1.8979681299449278
1.1582033659983546,0.8086779735878081,-1.2721274070683235,-0.339149513634419,-0.4580466107620556,0.5518914420407237
-1.5980193380625456,-1.2895135254508292,0.14825211233803925,-1.1977558772658594,0.31995187885502385,-0.7941852458634804
-0.9347895786907259,-1.2895135254508292,-1.2721274070683235,0.5194568499970215,-0.4580466107620556,0.5518914420407237
1.1582033659983546,0.8086779735878081,-1.2721274070683235,0.5194568499970215,-1.236045100379135,-0.7941852458634804
-1.3409635733240313,-0.5901163591046168,0.14825211233803925,0.5194568499970215,-1.236045100379135,-0.7941852458634804
1.1582033659983546,0.8086779735878081,0.14825211233803925,0.5194568499970215,-0.4580466107620556,1.8979681299449278
0.9905474649253513,0.8086779735878081,0.14825211233803925,-1.1977558772658594,-0.4580466107620556,-0.7941852458634804
-0.9674411439585336,-0.5901163591046168,-0.5619376473651421,-1.1977558772658594,-0.4580466107620556,-0.7941852458634804
1.1582033659983546,0.8086779735878081,1.568631631744402,-0.339149513634419,1.8759488580891828,0.5518914420407237
1.1582033659983546,0.8086779735878081,-0.5619376473651421,-0.339149513634419,-1.236045100379135,0.5518914420407237
0.27924918423520373,-0.5901163591046168,1.568631631744402,0.5194568499970215,1.0979503684721033,-0.7941852458634804
1.0539277335181414,0.8086779735878081,1.568631631744402,-1.1977558772658594,1.8759488580891828,-0.7941852458634804
0.5010835180940947,0.8086779735878081,0.14825211233803925,-0.339149513634419,-0.4580466107620556,-0.7941852458634804
0.7641116780471193,0.8086779735878081,0.8584418720412206,-1.1977558772658594,0.31995187885502385,0.5518914420407237
0.7112546629310991,0.8086779735878081,-0.5619376473651421,-0.339149513634419,-0.4580466107620556,-0.7941852458634804
-1.3582139595412028,-1.9889106917970416,0.14825211233803925,-0.339149513634419,1.0979503684721033,-0.7941852458634804
0.07703387386057552,0.8086779735878081,-0.5619376473651421,0.5194568499970215,0.31995187885502385,-0.7941852458634804
-0.9655204697423995,-0.5901163591046168,-1.2721274070683235,-1.1977558772658594,-0.4580466107620556,-0.7941852458634804
1.1582033659983546,0.8086779735878081,0.8584418720412206,-1.1977558772658594,1.0979503684721033,-0.7941852458634804
0.06265053094844632,0.1092808072415957,1.568631631744402,-1.1977558772658594,1.8759488580891828,-0.7941852458634804
0.6892252356103397,0.8086779735878081,-1.2721274070683235,0.5194568499970215,-1.236045100379135,0.5518914420407237
-0.45865592194831645,-1.2895135254508292,0.14825211233803925,-1.1977558772658594,1.0979503684721033,-0.7941852458634804
-1.4715488917910986,-1.9889106917970416,0.14825211233803925,-0.339149513634419,-0.4580466107620556,0.5518914420407237
-1.6496096768820923,-1.2895135254508292,1.568631631744402,-1.1977558772658594,1.0979503684721033,-0.7941852458634804
0.6549806254517714,0.8086779735878081,-0.5619376473651421,-1.1977558772658594,-0.4580466107620556,-0.7941852458634804
-0.13587940327210865,0.1092808072415957,-1.2721274070683235,0.5194568499970215,-1.236045100379135,-0.7941852458634804
0.22866366669531885,0.8086779735878081,0.14825211233803925,2.236669577259902,1.0979503684721033,0.5518914420407237
-0.33506825754901504,0.1092808072415957,0.14825211233803925,0.5194568499970215,0.31995187885502385,0.5518914420407237
1.1582033659983546,0.8086779735878081,1.568631631744402,-1.1977558772658594,0.31995187885502385,-0.7941852458634804
1.1582033659983546,0.8086779735878081,-0.5619376473651421,-0.339149513634419,-1.236045100379135,0.5518914420407237
1.1491015891923937,0.8086779735878081,0.14825211233803925,0.5194568499970215,-0.4580466107620556,0.5518914420407237
1.1582033659983546,0.8086779735878081,0.14825211233803925,0.5194568499970215,-0.4580466107620556,0.5518914420407237
-1.6496096768820923,-1.2895135254508292,1.568631631744402,0.5194568499970215,1.0979503684721033,0.5518914420407237
0.5267731001075667,0.8086779735878081,0.8584418720412206,1.3780632136284618,0.31995187885502385,0.5518914420407237
-1.6496096768820923,-1.9889106917970416,0.8584418720412206,-1.1977558772658594,1.0979503684721033,0.5518914420407237
1.1582033659983546,0.8086779735878081,0.14825211233803925,1.3780632136284618,0.31995187885502385,0.5518914420407237
1.1582033659983546,0.8086779735878081,-1.2721274070683235,-0.339149513634419,-1.236045100379135,-0.7941852458634804
0.7443068726620662,0.8086779735878081,0.8584418720412206,-1.1977558772658594,1.0979503684721033,-0.7941852458634804
1.0417317210321886,0.8086779735878081,1.568631631744402,-1.1977558772658594,1.0979503684721033,-0.7941852458634804
1.06958574876226,0.8086779735878081,1.568631631744402,-0.339149513634419,1.8759488580891828,-0.7941852458634804
1.1582033659983546,0.8086779735878081,1.568631631744402,2.236669577259902,1.0979503684721033,1.8979681299449278
1.1582033659983546,0.8086779735878081,-1.2721274070683235,0.5194568499970215,-0.4580466107620556,0.5518914420407237
0.05991417864851886,0.8086779735878081,-0.5619376473651421,-1.1977558772658594,-1.236045100379135,-0.7941852458634804
0.9702426758100053,0.1092808072415957,0.8584418720412206,0.5194568499970215,1.0979503684721033,0.5518914420407237
1.1582033659983546,0.8086779735878081,-1.2721274070683235,2.236669577259902,-1.236045100379135,0.5518914420407237
0.6903856382248135,0.8086779735878081,-0.5619376473651421,0.5194568499970215,0.31995187885502385,0.5518914420407237
-0.2623586211822099,-0.5901163591046168,1.568631631744402,-0.339149513634419,1.0979503684721033,-0.7941852458634804
1.1582033659983546,0.8086779735878081,1.568631631744402,0.5194568499970215,1.0979503684721033,-0.7941852458634804
1.1582033659983546,0.8086779735878081,1.568631631744402,2.236669577259902,1.0979503684721033,3.244044817849132
0.3737765444124028,0.8086779735878081,0.14825211233803925,-1.1977558772658594,0.31995187885502385,-0.7941852458634804
0.24794672349056493,0.8086779735878081,0.14825211233803925,-1.1977558772658594,0.31995187885502385,-0.7941852458634804
-1.6496096768820923,-1.9889106917970416,0.8584418720412206,-1.1977558772658594,1.0979503684721033,-0.7941852458634804
1.1582033659983546,0.8086779735878081,0.8584418720412206,-1.1977558772658594,0.31995187885502385,-0.7941852458634804
-1.4057579567231044,-1.9889106917970416,-1.2721274070683235,0.5194568499970215,0.31995187885502385,0.5518914420407237
-0.7228760608391308,-1.2895135254508292,-0.5619376473651421,0.5194568499970215,-1.236045100379135,-0.7941852458634804
1.0885085655513385,0.8086779735878081,1.568631631744402,-0.339149513634419,0.31995187885502385,-0.7941852458634804
-1.4460686925638715,-1.2895135254508292,0.14825211233803925,-1.1977558772658594,-0.4580466107620556,-0.7941852458634804
1.1582033659983546,0.8086779735878081,0.14825211233803925,1.3780632136284618,0.31995187885502385,-0.7941852458634804
0.1584456538888738,0.1092808072415957,0.14825211233803925,0.5194568499970215,0.31995187885502385,1.8979681299449278
-0.6862806624350162,-0.5901163591046168,0.8584418720412206,-0.339149513634419,0.31995187885502385,-0.7941852458634804
-1.462106015432747,-1.9889106917970416,0.14825211233803925,-0.339149513634419,0.31995187885502385,-0.7941852458634804
-0.994856396064862,-0.5901163591046168,0.8584418720412206,-0.339149513634419,0.31995187885502385,-0.7941852458634804
0.5539320813972839,0.8086779735878081,0.8584418720412206,1.3780632136284618,1.0979503684721033,1.8979681299449278
1.1582033659983546,0.8086779735878081,0.8584418720412206,-1.1977558772658594,-0.4580466107620556,-0.7941852458634804
-0.7937575850387446,-0.5901163591046168,0.8584418720412206,0.5194568499970215,-0.4580466107620556,-0.7941852458634804
-0.2063379801206406,0.1092808072415957,1.568631631744402,-0.339149513634419,1.8759488580891828,1.8979681299449278
0.4362985787990932,0.8086779735878081,-1.2721274070683235,-1.1977558772658594,-1.236045100379135,-0.7941852458634804
1.1582033659983546,0.8086779735878081,-0.5619376473651421,0.5194568499970215,-0.4580466107620556,-0.7941852458634804
0.5950926148385609,0.8086779735878081,-0.5619376473651421,-0.339149513634419,-0.4580466107620556,-0.7941852458634804
-1.6496096768820923,-1.9889106917970416,0.14825211233803925,1.3780632136284618,1.0979503684721033,-0.7941852458634804
0.7211060004836316,0.8086779735878081,-1.2721274070683235,-0.339149513634419,-1.236045100379135,-0.7941852458634804
-0.8582096385648896,-0.5901163591046168,0.14825211233803925,2.236669577259902,-1.236045100379135,0.5518914420407237
-1.6496096768820923,-1.9889106917970416,1.568631631744402,-1.1977558772658594,1.0979503684721033,-0.7941852458634804
0.17291151868483493,0.8086779735878081,0.14825211233803925,-1.1977558772658594,-0.4580466107620556,0.5518914420407237
1.0347875517417877,0.8086779735878081,0.14825211233803925,0.5194568499970215,0.31995187885502385,-0.7941852458634804
0.9961193660905417,0.8086779735878081,0.14825211233803925,-1.1977558772658594,-1.236045100379135,-0.7941852458634804
1.1582033659983546,0.8086779735878081,-1.2721274070683235,-0.339149513634419,-1.236045100379135,-0.7941852458634804
1.1582033659983546,0.8086779735878081,0.8584418720412206,0.5194568499970215,0.31995187885502385,-0.7941852458634804
-0.4214586088885787,0.1092808072415957,-1.2721274070683235,-0.339149513634419,-1.236045100379135,-0.7941852458634804
1.1582033659983546,0.8086779735878081,-1.2721274070683235,-0.339149513634419,-1.236045100379135,-0.7941852458634804
1.1582033659983546,0.8086779735878081,0.14825211233803925,-0.339149513634419,0.31995187885502385,0.5518914420407237
-1.6088121285809678,-1.9889106917970416,0.14825211233803925,-0.339149513634419,0.31995187885502385,-0.7941852458634804
1.1003944312134866,0.8086779735878081,-0.5619376473651421,-0.339149513634419,0.31995187885502385,-0.7941852458634804
0.2736441759335922,0.8086779735878081,1.568631631744402,-0.339149513634419,1.0979503684721033,0.5518914420407237
0.7358535364091476,0.8086779735878081,0.8584418720412206,0.5194568499970215,0.31995187885502385,0.5518914420407237
0.6550948607861862,0.8086779735878081,0.14825211233803925,0.5194568499970215,1.0979503684721033,-0.7941852458634804
-0.5081251735844512,-0.5901163591046168,-0.5619376473651421,0.5194568499970215,0.31995187885502385,0.5518914420407237
-1.6110697125868407,-1.9889106917970416,-1.2721274070683235,-0.339149513634419,-0.4580466107620556,-0.7941852458634804
0.17476548504485712,0.8086779735878081,1.568631631744402,-0.339149513634419,1.0979503684721033,-0.7941852458634804
-1.6496096768820923,-1.2895135254508292,-0.5619376473651421,0.5194568499970215,-0.4580466107620556,0.5518914420407237
-1.0175549336011052,-1.2895135254508292,-0.5619376473651421,0.5194568499970215,-0.4580466107620556,-0.7941852458634804
1.1126877588412354,0.8086779735878081,-1.2721274070683235,-0.339149513634419,-1.236045100379135,0.5518914420407237
0.9607721878394224,0.8086779735878081,0.8584418720412206,0.5194568499970215,-0.4580466107620556,1.8979681299449278
1.1582033659983546,0.8086779735878081,-0.5619376473651421,-1.1977558772658594,-0.4580466107620556,-0.7941852458634804
-1.6496096768820923,-1.9889106917970416,1.568631631744402,-1.1977558772658594,1.0979503684721033,-0.7941852458634804
1.1582033659983546,0.8086779735878081,-0.5619376473651421,-1.1977558772658594,-1.236045100379135,0.5518914420407237
1.1582033659983546,0.8086779735878081,-0.5619376473651421,-1.1977558772658594,-0.4580466107620556,1.8979681299449278
-1.6496096768820923,-1.9889106917970416,-0.5619376473651421,0.5194568499970215,-0.4580466107620556,-0.7941852458634804
-0.6344378552598878,0.1092808072415957,-1.2721274070683235,-1.1977558772658594,-0.4580466107620556,-0.7941852458634804
-0.28679055067654374,-0.5901163591046168,-0.5619376473651421,1.3780632136284618,-0.4580466107620556,0.5518914420407237
-1.6496096768820923,-1.9889106917970416,-1.2721274070683235,0.5194568499970215,-0.4580466107620556,-0.7941852458634804
-0.36423958785205757,-1.2895135254508292,-1.2721274070683235,-0.339149513634419,-1.236045100379135,0.5518914420407237
-0.916921203534101,-1.2895135254508292,0.8584418720412206,1.3780632136284618,-0.4580466107620556,1.8979681299449278
1.1582033659983546,0.8086779735878081,0.8584418720412206,0.5194568499970215,0.31995187885502385,0.5518914420407237
0.20498936537976398,0.8086779735878081,1.568631631744402,-1.1977558772658594,1.0979503684721033,-0.7941852458634804
0.9191162717898247,0.8086779735878081,-1.2721274070683235,-0.339149513634419,-0.4580466107620556,-0.7941852458634804
0.9158167037995462,0.8086779735878081,1.568631631744402,-1.1977558772658594,3.4319458373233416,-0.7941852458634804
-1.6168734993892409,-1.9889106917970416,-1.2721274070683235,-0.339149513634419,-0.4580466107620556,-0.7941852458634804
1.1582033659983546,0.8086779735878081,-0.5619376473651421,-1.1977558772658594,-0.4580466107620556,-0.7941852458634804
-0.22443904441932488,0.8086779735878081,-0.5619376473651421,-0.339149513634419,-0.4580466107620556,-0.7941852458634804
-1.0223218099255524,-0.5901163591046168,-0.5619376473651421,-0.339149513634419,-0.4580466107620556,-0.7941852458634804
1.1582033659983546,0.8086779735878081,-1.2721274070683235,1.3780632136284618,-0.4580466107620556,1.8979681299449278
-1.4057020097852109,-0.5901163591046168,0.8584418720412206,0.5194568499970215,1.0979503684721033,-0.7941852458634804
-1.6496096768820923,-0.5901163591046168,-0.5619376473651421,-0.339149513634419,-0.4580466107620556,-0.7941852458634804
-1.0566295522155646,-1.9889106917970416,0.14825211233803925,0.5194568499970215,-0.4580466107620556,-0.7941852458634804
1.1582033659983546,0.8086779735878081,0.14825211233803925,1.3780632136284618,-1.236045100379135,1.8979681299449278
-0.3284184309906795,0.8086779735878081,0.8584418720412206,0.5194568499970215,1.0979503684721033,-0.7941852458634804
1.1582033659983546,0.8086779735878081,0.14825211233803925,-1.1977558772658594,-1.236045100379135,-0.7941852458634804
-1.5310229146655567,-1.2895135254508292,-1.2721274070683235,0.5194568499970215,-1.236045100379135,0.5518914420407237
0.5493947479986252,0.8086779735878081,-0.5619376473651421,1.3780632136284618,0.31995187885502385,1.8979681299449278
1.1582033659983546,0.8086779735878081,0.8584418720412206,-1.1977558772658594,-0.4580466107620556,0.5518914420407237
1.1582033659983546,0.8086779735878081,1.568631631744402,-0.339149513634419,1.0979503684721033,0.5518914420407237
1.1582033659983546,0.8086779735878081,0.14825211233803925,-0.339149513634419,-0.4580466107620556,-0.7941852458634804
0.5454344914925461,0.8086779735878081,-1.2721274070683235,0.5194568499970215,-1.236045100379135,0.5518914420407237
1.1582033659983546,0.8086779735878081,1.568631631744402,0.5194568499970215,2.6539473477062625,1.8979681299449278
0.0031165700330817742,0.1092808072415957,-0.5619376473651421,0.5194568499970215,-0.4580466107620556,0.5518914420407237
0.6753749884795693,0.8086779735878081,1.568631631744402,-0.339149513634419,0.31995187885502385,-0.7941852458634804
0.13804819875555305,0.8086779735878081,0.14825211233803925,1.3780632136284618,0.31995187885502385,1.8979681299449278
-1.5862961941540308,-1.9889106917970416,0.14825211233803925,0.5194568499970215,-1.236045100379135,-0.7941852458634804
-1.2085706936842142,-1.2895135254508292,-1.2721274070683235,1.3780632136284618,-1.236045100379135,1.8979681299449278
-0.9744333701865436,-0.5901163591046168,-0.5619376473651421,-0.339149513634419,-0.4580466107620556,-0.7941852458634804
1.105883154064775,0.8086779735878081,0.8584418720412206,-1.1977558772658594,1.0979503684721033,-0.7941852458634804
-0.2570861610935437,-1.2895135254508292,-1.2721274070683235,0.5194568499970215,-0.4580466107620556,-0.7941852458634804
1.1582033659983546,0.8086779735878081,0.8584418720412206,-0.339149513634419,0.31995187885502385,-0.7941852458634804
-1.6496096768820923,-1.9889106917970416,-1.2721274070683235,-1.1977558772658594,-1.236045100379135,-0.7941852458634804
1.1582033659983546,0.8086779735878081,0.14825211233803925,0.5194568499970215,1.0979503684721033,0.5518914420407237
-1.0428691382446347,-1.2895135254508292,1.568631631744402,0.5194568499970215,0.31995187885502385,1.8979681299449278
0.30525085056338175,0.8086779735878081,-1.2721274070683235,-1.1977558772658594,-0.4580466107620556,-0.7941852458634804
-1.1411459824139418,-1.9889106917970416,0.14825211233803925,-0.339149513634419,-0.4580466107620556,0.5518914420407237
-1.3577279658186063,0.1092808072415957,-1.2721274070683235,1.3780632136284618,-1.236045100379135,1.8979681299449278
0.12248657981810336,0.1092808072415957,0.8584418720412206,0.5194568499970215,-0.4580466107620556,0.5518914420407237
1.0738833298623143,0.8086779735878081,-1.2721274070683235,-1.1977558772658594,-0.4580466107620556,-0.7941852458634804
1.1582033659983546,0.8086779735878081,-1.2721274070683235,-0.339149513634419,-0.4580466107620556,0.5518914420407237
0.6326215266002749,0.8086779735878081,0.8584418720412206,-0.339149513634419,0.31995187885502385,0.5518914420407237
-1.5338513167993373,-1.9889106917970416,-0.5619376473651421,1.3780632136284618,-0.4580466107620556,0.5518914420407237
1.1582033659983546,0.8086779735878081,1.568631631744402,-1.1977558772658594,1.0979503684721033,0.5518914420407237
1.1582033659983546,0.8086779735878081,-1.2721274070683235,-1.1977558772658594,-0.4580466107620556,-0.7941852458634804
-0.7232329902464574,-0.5901163591046168,-1.2721274070683235,1.3780632136284618,-1.236045100379135,0.5518914420407237
-1.3170962661832122,-1.9889106917970416,0.14825211233803925,0.5194568499970215,0.31995187885502385,0.5518914420407237
0.2653610086323478,0.8086779735878081,0.14825211233803925,1.3780632136284618,1.0979503684721033,0.5518914420407237
-0.1899468723815625,0.8086779735878081,0.8584418720412206,-1.1977558772658594,0.31995187885502385,-0.7941852458634804
1.1582033659983546,0.8086779735878081,0.14825211233803925,-0.339149513634419,-0.4580466107620556,0.5518914420407237
1.1582033659983546,0.8086779735878081,-0.5619376473651421,-0.339149513634419,-0.4580466107620556,-0.7941852458634804
1.1582033659983546,0.8086779735878081,1.568631631744402,1.3780632136284618,0.31995187885502385,0.5518914420407237
-0.7563957962548049,0.1092808072415957,0.14825211233803925,-1.1977558772658594,1.0979503684721033,-0.7941852458634804
-1.5811457092673329,-1.9889106917970416,1.568631631744402,-1.1977558772658594,1.8759488580891828,-0.7941852458634804
0.27171234357200924,0.8086779735878081,0.8584418720412206,0.5194568499970215,0.31995187885502385,0.5518914420407237
-1.6496096768820923,-1.9889106917970416,1.568631631744402,-0.339149513634419,3.4319458373233416,1.8979681299449278
0.27634353319508553,0.8086779735878081,0.14825211233803925,-0.339149513634419,-1.236045100379135,-0.7941852458634804
-1.6496096768820923,-1.9889106917970416,0.14825211233803925,-1.1977558772658594,0.31995187885502385,0.5518914420407237
0.7962855053872167,0.8086779735878081,1.568631631744402,0.5194568499970215,0.31995187885502385,0.5518914420407237
-0.9849450028102404,-1.2895135254508292,-1.2721274070683235,-1.1977558772658594,-1.236045100379135,-0.7941852458634804
0.959670791324125,0.8086779735878081,0.8584418720412206,-0.339149513634419,0.31995187885502385,0.5518914420407237
0.42191175854101787,0.8086779735878081,0.8584418720412206,-0.339149513634419,0.31995187885502385,-0.7941852458634804
0.39159582171976026,0.8086779735878081,0.8584418720412206,-0.339149513634419,0.31995187885502385,-0.7941852458634804
-1.3741978297296167,-1.9889106917970416,0.14825211233803925,-0.339149513634419,0.31995187885502385,-0.7941852458634804
-1.4981729199019493,-1.9889106917970416,1.568631631744402,0.5194568499970215,1.0979503684721033,-0.7941852458634804
0.7933974181739681,0.8086779735878081,0.14825211233803925,-1.1977558772658594,-0.4580466107620556,0.5518914420407237
1.1582033659983546,0.8086779735878081,-0.5619376473651421,-0.339149513634419,-0.4580466107620556,-0.7941852458634804
-0.5752091691106055,0.1092808072415957,-1.2721274070683235,-0.339149513634419,-1.236045100379135,0.5518914420407237
-0.7722197827299628,0.8086779735878081,0.14825211233803925,0.5194568499970215,0.31995187885502385,-0.7941852458634804
0.1807338614285874,-0.5901163591046168,1.568631631744402,1.3780632136284618,0.31995187885502385,1.8979681299449278
-0.9673763460306019,-0.5901163591046168,1.568631631744402,1.3780632136284618,2.6539473477062625,0.5518914420407237
-0.630377065091969,0.1092808072415957,1.568631631744402,1.3780632136284618,0.31995187885502385,0.5518914420407237
0.46779034841730177,0.8086779735878081,-0.5619376473651421,0.5194568499970215,-0.4580466107620556,-0.7941852458634804
-0.14060243652503993,-1.2895135254508292,-0.5619376473651421,-0.339149513634419,0.31995187885502385,-0.7941852458634804
-0.6014442722415009,-1.2895135254508292,1.568631631744402,-0.339149513634419,-0.4580466107620556,-0.7941852458634804
-1.2472098982831612,-1.2895135254508292,1.568631631744402,-0.339149513634419,1.0979503684721033,-0.7941852458634804
-1.568929656202109,-1.2895135254508292,0.8584418720412206,0.5194568499970215,0.31995187885502385,0.5518914420407237
-0.2562279274431609,0.8086779735878081,0.14825211233803925,0.5194568499970215,-0.4580466107620556,-0.7941852458634804
-0.7085658395212989,-1.2895135254508292,1.568631631744402,-1.1977558772658594,1.0979503684721033,-0.7941852458634804
1.1582033659983546,0.8086779735878081,0.14825211233803925,1.3780632136284618,-0.4580466107620556,-0.7941852458634804
1.1582033659983546,0.8086779735878081,0.14825211233803925,0.5194568499970215,-0.4580466107620556,0.5518914420407237
-0.5740905239302803,0.1092808072415957,0.8584418720412206,-1.1977558772658594,1.8759488580891828,-0.7941852458634804
0.21433008911355145,0.8086779735878081,0.8584418720412206,-1.1977558772658594,0.31995187885502385,-0.7941852458634804
0.5388854677107154,0.8086779735878081,-1.2721274070683235,-1.1977558772658594,-1.236045100379135,0.5518914420407237
-0.8468238122334946,0.1092808072415957,0.14825211233803925,-1.1977558772658594,-0.4580466107620556,-0.7941852458634804
-1.0420112211103818,-1.9889106917970416,-1.2721274070683235,-0.339149513634419,-0.4580466107620556,-0.7941852458634804
-0.2526787570741784,0.1092808072415957,0.8584418720412206,0.5194568499970215,0.31995187885502385,-0.7941852458634804
1.1582033659983546,0.8086779735878081,-0.5619376473651421,-0.339149513634419,1.0979503684721033,-0.7941852458634804
1.1582033659983546,0.8086779735878081,0.8584418720412206,0.5194568499970215,1.0979503684721033,0.5518914420407237
-0.43419554598348464,0.1092808072415957,-0.5619376473651421,-0.339149513634419,1.0979503684721033,0.5518914420407237
-0.09585877389341926,0.1092808072415957,0.14825211233803925,-1.1977558772658594,-0.4580466107620556,-0.7941852458634804
1.1582033659983546,0.8086779735878081,-0.5619376473651421,-1.1977558772658594,-0.4580466107620556,-0.7941852458634804
-1.6496096768820923,-0.5901163591046168,-1.2721274070683235,0.5194568499970215,-0.4580466107620556,1.8979681299449278
1.1582033659983546,0.8086779735878081,0.14825211233803925,-1.1977558772658594,-1.236045100379135,-0.7941852458634804
1.1582033659983546,0.8086779735878081,-0.5619376473651421,-0.339149513634419,0.31995187885502385,-0.7941852458634804
-1.6496096768820923,-1.2895135254508292,-1.2721274070683235,-1.1977558772658594,-0.4580466107620556,-0.7941852458634804
0.97912186724983,0.8086779735878081,1.568631631744402,-0.339149513634419,1.0979503684721033,0.5518914420407237
-0.29476933589503806,0.1092808072415957,-1.2721274070683235,0.5194568499970215,0.31995187885502385,0.5518914420407237
1.1582033659983546,0.8086779735878081,-1.2721274070683235,-1.1977558772658594,-0.4580466107620556,-0.7941852458634804
-1.0193466909577864,0.1092808072415957,-0.5619376473651421,-0.339149513634419,-0.4580466107620556,1.8979681299449278
-1.6496096768820923,-1.9889106917970416,-0.5619376473651421,-0.339149513634419,0.31995187885502385,-0.7941852458634804
0.588852594409314,0.8086779735878081,-1.2721274070683235,-0.339149513634419,-1.236045100379135,-0.7941852458634804
-0.9198645740501585,-0.5901163591046168,0.14825211233803925,-1.1977558772658594,1.0979503684721033,-0.7941852458634804
-0.13698970187283505,-0.5901163591046168,0.14825211233803925,-1.1977558772658594,0.31995187885502385,-0.7941852458634804
0.10721474302441242,0.1092808072415957,-1.2721274070683235,0.5194568499970215,-1.236045100379135,0.5518914420407237
-0.33077388126938173,0.8086779735878081,-0.5619376473651421,-1.1977558772658594,-0.4580466107620556,-0.7941852458634804
-0.5476461879196343,-1.2895135254508292,-0.5619376473651421,-1.1977558772658594,-1.236045100379135,-0.7941852458634804
0.654871177471956,0.8086779735878081,0.8584418720412206,0.5194568499970215,0.31995187885502385,1.8979681299449278
1.0107191767469181,0.8086779735878081,-0.5619376473651421,1.3780632136284618,-0.4580466107620556,1.8979681299449278
1.1582033659983546,0.8086779735878081,-1.2721274070683235,1.3780632136284618,-1.236045100379135,-0.7941852458634804
0.9253492096391487,0.8086779735878081,-1.2721274070683235,2.236669577259902,-1.236045100379135,3.244044817849132
-0.2013661575773968,0.1092808072415957,-1.2721274070683235,1.3780632136284618,-0.4580466107620556,0.5518914420407237
-0.6048993313410216,-0.5901163591046168,-1.2721274070683235,-0.339149513634419,-1.236045100379135,-0.7941852458634804
-1.1078136515084982,-0.5901163591046168,-1.2721274070683235,-1.1977558772658594,0.31995187885502385,-0.7941852458634804
-1.242599064173128,-1.9889106917970416,0.14825211233803925,-0.339149513634419,-0.4580466107620556,-0.7941852458634804
-1.6496096768820923,-0.5901163591046168,0.14825211233803925,0.5194568499970215,0.31995187885502385,0.5518914420407237
0.271825023536777,0.1092808072415957,1.568631631744402,0.5194568499970215,-0.4580466107620556,0.5518914420407237
-0.43204357015956235,-1.2895135254508292,0.14825211233803925,-0.339149513634419,-1.236045100379135,0.5518914420407237
-1.6496096768820923,-1.9889106917970416,0.14825211233803925,-0.339149513634419,-0.4580466107620556,-0.7941852458634804
-0.47104512253192216,-0.5901163591046168,1.568631631744402,0.5194568499970215,3.4319458373233416,0.5518914420407237
0.34789466150858195,0.8086779735878081,-0.5619376473651421,0.5194568499970215,0.31995187885502385,0.5518914420407237
1.1582033659983546,0.8086779735878081,0.8584418720412206,-0.339149513634419,0.31995187885502385,-0.7941852458634804
0.14765326133007356,0.1092808072415957,-0.5619376473651421,-0.339149513634419,-0.4580466107620556,-0.7941852458634804
-0.6649398892961536,0.1092808072415957,1.568631631744402,-0.339149513634419,1.0979503684721033,-0.7941852458634804
